"FinancialYear","SIMDQuintile","AgeGroup","BirthweightForGestationalAge","Livebirths","Total","year"
"1997/98",1,"25-34","Appropriate",5571,7001,1997
"1997/98",1,"25-34","Large",701,7001,1997
"1997/98",1,"25-34","Small",720,7001,1997
"1997/98",1,"25-34","Unknown",9,7001,1997
"1997/98",1,"35 and over","Appropriate",794,1087,1997
"1997/98",1,"35 and over","Large",144,1087,1997
"1997/98",1,"35 and over","Small",139,1087,1997
"1997/98",1,"35 and over","Unknown",10,1087,1997
"1997/98",1,"Under 25","Appropriate",5003,6192,1997
"1997/98",1,"Under 25","Large",393,6192,1997
"1997/98",1,"Under 25","Small",785,6192,1997
"1997/98",1,"Under 25","Unknown",11,6192,1997
"1997/98",1,"Unknown","Appropriate",1,1,1997
"1997/98",2,"25-34","Appropriate",5184,6590,1997
"1997/98",2,"25-34","Large",768,6590,1997
"1997/98",2,"25-34","Small",631,6590,1997
"1997/98",2,"25-34","Unknown",7,6590,1997
"1997/98",2,"35 and over","Appropriate",892,1182,1997
"1997/98",2,"35 and over","Large",174,1182,1997
"1997/98",2,"35 and over","Small",115,1182,1997
"1997/98",2,"35 and over","Unknown",1,1182,1997
"1997/98",2,"Under 25","Appropriate",2935,3672,1997
"1997/98",2,"Under 25","Large",286,3672,1997
"1997/98",2,"Under 25","Small",447,3672,1997
"1997/98",2,"Under 25","Unknown",4,3672,1997
"1997/98",2,"Unknown","Appropriate",1,1,1997
"1997/98",3,"25-34","Appropriate",5329,6644,1997
"1997/98",3,"25-34","Large",850,6644,1997
"1997/98",3,"25-34","Small",449,6644,1997
"1997/98",3,"25-34","Unknown",16,6644,1997
"1997/98",3,"35 and over","Appropriate",1017,1307,1997
"1997/98",3,"35 and over","Large",200,1307,1997
"1997/98",3,"35 and over","Small",87,1307,1997
"1997/98",3,"35 and over","Unknown",3,1307,1997
"1997/98",3,"Under 25","Appropriate",2080,2490,1997
"1997/98",3,"Under 25","Large",167,2490,1997
"1997/98",3,"Under 25","Small",235,2490,1997
"1997/98",3,"Under 25","Unknown",8,2490,1997
"1997/98",3,"Unknown","Appropriate",1,1,1997
"1997/98",4,"25-34","Appropriate",5714,7071,1997
"1997/98",4,"25-34","Large",885,7071,1997
"1997/98",4,"25-34","Small",464,7071,1997
"1997/98",4,"25-34","Unknown",8,7071,1997
"1997/98",4,"35 and over","Appropriate",1319,1637,1997
"1997/98",4,"35 and over","Large",218,1637,1997
"1997/98",4,"35 and over","Small",100,1637,1997
"1997/98",4,"Under 25","Appropriate",1247,1523,1997
"1997/98",4,"Under 25","Large",115,1523,1997
"1997/98",4,"Under 25","Small",159,1523,1997
"1997/98",4,"Under 25","Unknown",2,1523,1997
"1997/98",4,"Unknown","Appropriate",1,2,1997
"1997/98",4,"Unknown","Large",1,2,1997
"1997/98",5,"25-34","Appropriate",5849,7245,1997
"1997/98",5,"25-34","Large",948,7245,1997
"1997/98",5,"25-34","Small",435,7245,1997
"1997/98",5,"25-34","Unknown",13,7245,1997
"1997/98",5,"35 and over","Appropriate",1688,2095,1997
"1997/98",5,"35 and over","Large",315,2095,1997
"1997/98",5,"35 and over","Small",91,2095,1997
"1997/98",5,"35 and over","Unknown",1,2095,1997
"1997/98",5,"Under 25","Appropriate",769,962,1997
"1997/98",5,"Under 25","Large",71,962,1997
"1997/98",5,"Under 25","Small",120,962,1997
"1997/98",5,"Under 25","Unknown",2,962,1997
"1997/98",NA,"25-34","Appropriate",109,135,1997
"1997/98",NA,"25-34","Large",19,135,1997
"1997/98",NA,"25-34","Small",7,135,1997
"1997/98",NA,"35 and over","Appropriate",33,42,1997
"1997/98",NA,"35 and over","Large",5,42,1997
"1997/98",NA,"35 and over","Small",4,42,1997
"1997/98",NA,"Under 25","Appropriate",41,51,1997
"1997/98",NA,"Under 25","Large",3,51,1997
"1997/98",NA,"Under 25","Small",6,51,1997
"1997/98",NA,"Under 25","Unknown",1,51,1997
"1998/99",1,"25-34","Appropriate",4973,6450,1998
"1998/99",1,"25-34","Large",705,6450,1998
"1998/99",1,"25-34","Small",758,6450,1998
"1998/99",1,"25-34","Unknown",14,6450,1998
"1998/99",1,"35 and over","Appropriate",813,1106,1998
"1998/99",1,"35 and over","Large",132,1106,1998
"1998/99",1,"35 and over","Small",158,1106,1998
"1998/99",1,"35 and over","Unknown",3,1106,1998
"1998/99",1,"Under 25","Appropriate",4737,5831,1998
"1998/99",1,"Under 25","Large",397,5831,1998
"1998/99",1,"Under 25","Small",692,5831,1998
"1998/99",1,"Under 25","Unknown",5,5831,1998
"1998/99",2,"25-34","Appropriate",4873,6075,1998
"1998/99",2,"25-34","Large",666,6075,1998
"1998/99",2,"25-34","Small",528,6075,1998
"1998/99",2,"25-34","Unknown",8,6075,1998
"1998/99",2,"35 and over","Appropriate",867,1152,1998
"1998/99",2,"35 and over","Large",163,1152,1998
"1998/99",2,"35 and over","Small",118,1152,1998
"1998/99",2,"35 and over","Unknown",4,1152,1998
"1998/99",2,"Under 25","Appropriate",2692,3370,1998
"1998/99",2,"Under 25","Large",272,3370,1998
"1998/99",2,"Under 25","Small",399,3370,1998
"1998/99",2,"Under 25","Unknown",7,3370,1998
"1998/99",2,"Unknown","Appropriate",1,1,1998
"1998/99",3,"25-34","Appropriate",4895,6147,1998
"1998/99",3,"25-34","Large",783,6147,1998
"1998/99",3,"25-34","Small",464,6147,1998
"1998/99",3,"25-34","Unknown",5,6147,1998
"1998/99",3,"35 and over","Appropriate",1177,1475,1998
"1998/99",3,"35 and over","Large",199,1475,1998
"1998/99",3,"35 and over","Small",97,1475,1998
"1998/99",3,"35 and over","Unknown",2,1475,1998
"1998/99",3,"Under 25","Appropriate",1956,2375,1998
"1998/99",3,"Under 25","Large",223,2375,1998
"1998/99",3,"Under 25","Small",190,2375,1998
"1998/99",3,"Under 25","Unknown",6,2375,1998
"1998/99",3,"Unknown","Appropriate",1,1,1998
"1998/99",4,"25-34","Appropriate",5459,6858,1998
"1998/99",4,"25-34","Large",989,6858,1998
"1998/99",4,"25-34","Small",397,6858,1998
"1998/99",4,"25-34","Unknown",13,6858,1998
"1998/99",4,"35 and over","Appropriate",1361,1743,1998
"1998/99",4,"35 and over","Large",284,1743,1998
"1998/99",4,"35 and over","Small",95,1743,1998
"1998/99",4,"35 and over","Unknown",3,1743,1998
"1998/99",4,"Under 25","Appropriate",1344,1652,1998
"1998/99",4,"Under 25","Large",147,1652,1998
"1998/99",4,"Under 25","Small",158,1652,1998
"1998/99",4,"Under 25","Unknown",3,1652,1998
"1998/99",5,"25-34","Appropriate",5342,6676,1998
"1998/99",5,"25-34","Large",971,6676,1998
"1998/99",5,"25-34","Small",354,6676,1998
"1998/99",5,"25-34","Unknown",9,6676,1998
"1998/99",5,"35 and over","Appropriate",1828,2227,1998
"1998/99",5,"35 and over","Large",294,2227,1998
"1998/99",5,"35 and over","Small",104,2227,1998
"1998/99",5,"35 and over","Unknown",1,2227,1998
"1998/99",5,"Under 25","Appropriate",742,919,1998
"1998/99",5,"Under 25","Large",99,919,1998
"1998/99",5,"Under 25","Small",77,919,1998
"1998/99",5,"Under 25","Unknown",1,919,1998
"1998/99",5,"Unknown","Appropriate",1,4,1998
"1998/99",5,"Unknown","Large",3,4,1998
"1998/99",NA,"25-34","Appropriate",95,125,1998
"1998/99",NA,"25-34","Large",23,125,1998
"1998/99",NA,"25-34","Small",7,125,1998
"1998/99",NA,"35 and over","Appropriate",28,39,1998
"1998/99",NA,"35 and over","Large",10,39,1998
"1998/99",NA,"35 and over","Small",1,39,1998
"1998/99",NA,"Under 25","Appropriate",26,36,1998
"1998/99",NA,"Under 25","Large",7,36,1998
"1998/99",NA,"Under 25","Small",3,36,1998
"1998/99",NA,"Unknown","Appropriate",1,1,1998
"1999/00",1,"25-34","Appropriate",4598,5914,1999
"1999/00",1,"25-34","Large",582,5914,1999
"1999/00",1,"25-34","Small",727,5914,1999
"1999/00",1,"25-34","Unknown",7,5914,1999
"1999/00",1,"35 and over","Appropriate",856,1134,1999
"1999/00",1,"35 and over","Large",139,1134,1999
"1999/00",1,"35 and over","Small",133,1134,1999
"1999/00",1,"35 and over","Unknown",6,1134,1999
"1999/00",1,"Under 25","Appropriate",4365,5465,1999
"1999/00",1,"Under 25","Large",438,5465,1999
"1999/00",1,"Under 25","Small",653,5465,1999
"1999/00",1,"Under 25","Unknown",9,5465,1999
"1999/00",2,"25-34","Appropriate",4485,5717,1999
"1999/00",2,"25-34","Large",708,5717,1999
"1999/00",2,"25-34","Small",518,5717,1999
"1999/00",2,"25-34","Unknown",6,5717,1999
"1999/00",2,"35 and over","Appropriate",880,1162,1999
"1999/00",2,"35 and over","Large",175,1162,1999
"1999/00",2,"35 and over","Small",106,1162,1999
"1999/00",2,"35 and over","Unknown",1,1162,1999
"1999/00",2,"Under 25","Appropriate",2794,3499,1999
"1999/00",2,"Under 25","Large",279,3499,1999
"1999/00",2,"Under 25","Small",422,3499,1999
"1999/00",2,"Under 25","Unknown",4,3499,1999
"1999/00",3,"25-34","Appropriate",4713,5880,1999
"1999/00",3,"25-34","Large",722,5880,1999
"1999/00",3,"25-34","Small",436,5880,1999
"1999/00",3,"25-34","Unknown",9,5880,1999
"1999/00",3,"35 and over","Appropriate",1151,1493,1999
"1999/00",3,"35 and over","Large",240,1493,1999
"1999/00",3,"35 and over","Small",101,1493,1999
"1999/00",3,"35 and over","Unknown",1,1493,1999
"1999/00",3,"Under 25","Appropriate",1926,2333,1999
"1999/00",3,"Under 25","Large",197,2333,1999
"1999/00",3,"Under 25","Small",205,2333,1999
"1999/00",3,"Under 25","Unknown",5,2333,1999
"1999/00",4,"25-34","Appropriate",5284,6693,1999
"1999/00",4,"25-34","Large",948,6693,1999
"1999/00",4,"25-34","Small",452,6693,1999
"1999/00",4,"25-34","Unknown",9,6693,1999
"1999/00",4,"35 and over","Appropriate",1395,1792,1999
"1999/00",4,"35 and over","Large",284,1792,1999
"1999/00",4,"35 and over","Small",109,1792,1999
"1999/00",4,"35 and over","Unknown",4,1792,1999
"1999/00",4,"Under 25","Appropriate",1299,1574,1999
"1999/00",4,"Under 25","Large",129,1574,1999
"1999/00",4,"Under 25","Small",141,1574,1999
"1999/00",4,"Under 25","Unknown",5,1574,1999
"1999/00",5,"25-34","Appropriate",5181,6454,1999
"1999/00",5,"25-34","Large",884,6454,1999
"1999/00",5,"25-34","Small",385,6454,1999
"1999/00",5,"25-34","Unknown",4,6454,1999
"1999/00",5,"35 and over","Appropriate",1695,2191,1999
"1999/00",5,"35 and over","Large",376,2191,1999
"1999/00",5,"35 and over","Small",118,2191,1999
"1999/00",5,"35 and over","Unknown",2,2191,1999
"1999/00",5,"Under 25","Appropriate",779,951,1999
"1999/00",5,"Under 25","Large",95,951,1999
"1999/00",5,"Under 25","Small",74,951,1999
"1999/00",5,"Under 25","Unknown",3,951,1999
"1999/00",NA,"25-34","Appropriate",97,123,1999
"1999/00",NA,"25-34","Large",18,123,1999
"1999/00",NA,"25-34","Small",5,123,1999
"1999/00",NA,"25-34","Unknown",3,123,1999
"1999/00",NA,"35 and over","Appropriate",18,27,1999
"1999/00",NA,"35 and over","Large",3,27,1999
"1999/00",NA,"35 and over","Small",6,27,1999
"1999/00",NA,"Under 25","Appropriate",31,43,1999
"1999/00",NA,"Under 25","Large",8,43,1999
"1999/00",NA,"Under 25","Small",4,43,1999
"2000/01",1,"25-34","Appropriate",4456,5735,2000
"2000/01",1,"25-34","Large",607,5735,2000
"2000/01",1,"25-34","Small",652,5735,2000
"2000/01",1,"25-34","Unknown",20,5735,2000
"2000/01",1,"35 and over","Appropriate",864,1220,2000
"2000/01",1,"35 and over","Large",181,1220,2000
"2000/01",1,"35 and over","Small",172,1220,2000
"2000/01",1,"35 and over","Unknown",3,1220,2000
"2000/01",1,"Under 25","Appropriate",4446,5565,2000
"2000/01",1,"Under 25","Large",441,5565,2000
"2000/01",1,"Under 25","Small",667,5565,2000
"2000/01",1,"Under 25","Unknown",11,5565,2000
"2000/01",2,"25-34","Appropriate",4352,5643,2000
"2000/01",2,"25-34","Large",769,5643,2000
"2000/01",2,"25-34","Small",513,5643,2000
"2000/01",2,"25-34","Unknown",9,5643,2000
"2000/01",2,"35 and over","Appropriate",899,1215,2000
"2000/01",2,"35 and over","Large",195,1215,2000
"2000/01",2,"35 and over","Small",117,1215,2000
"2000/01",2,"35 and over","Unknown",4,1215,2000
"2000/01",2,"Under 25","Appropriate",2722,3413,2000
"2000/01",2,"Under 25","Large",306,3413,2000
"2000/01",2,"Under 25","Small",368,3413,2000
"2000/01",2,"Under 25","Unknown",17,3413,2000
"2000/01",3,"25-34","Appropriate",4543,5665,2000
"2000/01",3,"25-34","Large",715,5665,2000
"2000/01",3,"25-34","Small",398,5665,2000
"2000/01",3,"25-34","Unknown",9,5665,2000
"2000/01",3,"35 and over","Appropriate",1105,1451,2000
"2000/01",3,"35 and over","Large",238,1451,2000
"2000/01",3,"35 and over","Small",107,1451,2000
"2000/01",3,"35 and over","Unknown",1,1451,2000
"2000/01",3,"Under 25","Appropriate",1730,2172,2000
"2000/01",3,"Under 25","Large",202,2172,2000
"2000/01",3,"Under 25","Small",236,2172,2000
"2000/01",3,"Under 25","Unknown",4,2172,2000
"2000/01",4,"25-34","Appropriate",4732,6043,2000
"2000/01",4,"25-34","Large",928,6043,2000
"2000/01",4,"25-34","Small",372,6043,2000
"2000/01",4,"25-34","Unknown",11,6043,2000
"2000/01",4,"35 and over","Appropriate",1498,1956,2000
"2000/01",4,"35 and over","Large",356,1956,2000
"2000/01",4,"35 and over","Small",96,1956,2000
"2000/01",4,"35 and over","Unknown",6,1956,2000
"2000/01",4,"Under 25","Appropriate",1110,1370,2000
"2000/01",4,"Under 25","Large",141,1370,2000
"2000/01",4,"Under 25","Small",116,1370,2000
"2000/01",4,"Under 25","Unknown",3,1370,2000
"2000/01",5,"25-34","Appropriate",5092,6344,2000
"2000/01",5,"25-34","Large",909,6344,2000
"2000/01",5,"25-34","Small",327,6344,2000
"2000/01",5,"25-34","Unknown",16,6344,2000
"2000/01",5,"35 and over","Appropriate",1872,2403,2000
"2000/01",5,"35 and over","Large",393,2403,2000
"2000/01",5,"35 and over","Small",138,2403,2000
"2000/01",5,"Under 25","Appropriate",634,807,2000
"2000/01",5,"Under 25","Large",92,807,2000
"2000/01",5,"Under 25","Small",79,807,2000
"2000/01",5,"Under 25","Unknown",2,807,2000
"2000/01",NA,"25-34","Appropriate",88,114,2000
"2000/01",NA,"25-34","Large",16,114,2000
"2000/01",NA,"25-34","Small",10,114,2000
"2000/01",NA,"35 and over","Appropriate",27,39,2000
"2000/01",NA,"35 and over","Large",9,39,2000
"2000/01",NA,"35 and over","Small",1,39,2000
"2000/01",NA,"35 and over","Unknown",2,39,2000
"2000/01",NA,"Under 25","Appropriate",53,63,2000
"2000/01",NA,"Under 25","Large",7,63,2000
"2000/01",NA,"Under 25","Small",3,63,2000
"2001/02",1,"25-34","Appropriate",4221,5463,2001
"2001/02",1,"25-34","Large",577,5463,2001
"2001/02",1,"25-34","Small",652,5463,2001
"2001/02",1,"25-34","Unknown",13,5463,2001
"2001/02",1,"35 and over","Appropriate",903,1246,2001
"2001/02",1,"35 and over","Large",154,1246,2001
"2001/02",1,"35 and over","Small",183,1246,2001
"2001/02",1,"35 and over","Unknown",6,1246,2001
"2001/02",1,"Under 25","Appropriate",4200,5292,2001
"2001/02",1,"Under 25","Large",403,5292,2001
"2001/02",1,"Under 25","Small",671,5292,2001
"2001/02",1,"Under 25","Unknown",18,5292,2001
"2001/02",2,"25-34","Appropriate",4076,5201,2001
"2001/02",2,"25-34","Large",632,5201,2001
"2001/02",2,"25-34","Small",476,5201,2001
"2001/02",2,"25-34","Unknown",17,5201,2001
"2001/02",2,"35 and over","Appropriate",968,1258,2001
"2001/02",2,"35 and over","Large",174,1258,2001
"2001/02",2,"35 and over","Small",116,1258,2001
"2001/02",2,"Under 25","Appropriate",2572,3213,2001
"2001/02",2,"Under 25","Large",260,3213,2001
"2001/02",2,"Under 25","Small",370,3213,2001
"2001/02",2,"Under 25","Unknown",11,3213,2001
"2001/02",3,"25-34","Appropriate",4456,5485,2001
"2001/02",3,"25-34","Large",648,5485,2001
"2001/02",3,"25-34","Small",374,5485,2001
"2001/02",3,"25-34","Unknown",7,5485,2001
"2001/02",3,"35 and over","Appropriate",1087,1423,2001
"2001/02",3,"35 and over","Large",250,1423,2001
"2001/02",3,"35 and over","Small",85,1423,2001
"2001/02",3,"35 and over","Unknown",1,1423,2001
"2001/02",3,"Under 25","Appropriate",1752,2162,2001
"2001/02",3,"Under 25","Large",210,2162,2001
"2001/02",3,"Under 25","Small",196,2162,2001
"2001/02",3,"Under 25","Unknown",4,2162,2001
"2001/02",4,"25-34","Appropriate",4720,6046,2001
"2001/02",4,"25-34","Large",920,6046,2001
"2001/02",4,"25-34","Small",399,6046,2001
"2001/02",4,"25-34","Unknown",7,6046,2001
"2001/02",4,"35 and over","Appropriate",1506,1945,2001
"2001/02",4,"35 and over","Large",289,1945,2001
"2001/02",4,"35 and over","Small",149,1945,2001
"2001/02",4,"35 and over","Unknown",1,1945,2001
"2001/02",4,"Under 25","Appropriate",1138,1399,2001
"2001/02",4,"Under 25","Large",133,1399,2001
"2001/02",4,"Under 25","Small",126,1399,2001
"2001/02",4,"Under 25","Unknown",2,1399,2001
"2001/02",5,"25-34","Appropriate",4733,5899,2001
"2001/02",5,"25-34","Large",856,5899,2001
"2001/02",5,"25-34","Small",306,5899,2001
"2001/02",5,"25-34","Unknown",4,5899,2001
"2001/02",5,"35 and over","Appropriate",1899,2445,2001
"2001/02",5,"35 and over","Large",415,2445,2001
"2001/02",5,"35 and over","Small",127,2445,2001
"2001/02",5,"35 and over","Unknown",4,2445,2001
"2001/02",5,"Under 25","Appropriate",651,806,2001
"2001/02",5,"Under 25","Large",74,806,2001
"2001/02",5,"Under 25","Small",78,806,2001
"2001/02",5,"Under 25","Unknown",3,806,2001
"2001/02",NA,"25-34","Appropriate",85,114,2001
"2001/02",NA,"25-34","Large",16,114,2001
"2001/02",NA,"25-34","Small",13,114,2001
"2001/02",NA,"35 and over","Appropriate",15,20,2001
"2001/02",NA,"35 and over","Large",1,20,2001
"2001/02",NA,"35 and over","Small",4,20,2001
"2001/02",NA,"Under 25","Appropriate",34,46,2001
"2001/02",NA,"Under 25","Large",8,46,2001
"2001/02",NA,"Under 25","Small",4,46,2001
"2001/02",NA,"Unknown","Appropriate",1,1,2001
"2002/03",1,"25-34","Appropriate",4034,5195,2002
"2002/03",1,"25-34","Large",520,5195,2002
"2002/03",1,"25-34","Small",623,5195,2002
"2002/03",1,"25-34","Unknown",18,5195,2002
"2002/03",1,"35 and over","Appropriate",900,1183,2002
"2002/03",1,"35 and over","Large",151,1183,2002
"2002/03",1,"35 and over","Small",130,1183,2002
"2002/03",1,"35 and over","Unknown",2,1183,2002
"2002/03",1,"Under 25","Appropriate",4294,5404,2002
"2002/03",1,"Under 25","Large",403,5404,2002
"2002/03",1,"Under 25","Small",696,5404,2002
"2002/03",1,"Under 25","Unknown",11,5404,2002
"2002/03",2,"25-34","Appropriate",4153,5238,2002
"2002/03",2,"25-34","Large",605,5238,2002
"2002/03",2,"25-34","Small",472,5238,2002
"2002/03",2,"25-34","Unknown",8,5238,2002
"2002/03",2,"35 and over","Appropriate",993,1305,2002
"2002/03",2,"35 and over","Large",230,1305,2002
"2002/03",2,"35 and over","Small",81,1305,2002
"2002/03",2,"35 and over","Unknown",1,1305,2002
"2002/03",2,"Under 25","Appropriate",2718,3371,2002
"2002/03",2,"Under 25","Large",284,3371,2002
"2002/03",2,"Under 25","Small",361,3371,2002
"2002/03",2,"Under 25","Unknown",8,3371,2002
"2002/03",2,"Unknown","Appropriate",2,2,2002
"2002/03",3,"25-34","Appropriate",4154,5150,2002
"2002/03",3,"25-34","Large",644,5150,2002
"2002/03",3,"25-34","Small",342,5150,2002
"2002/03",3,"25-34","Unknown",10,5150,2002
"2002/03",3,"35 and over","Appropriate",1251,1676,2002
"2002/03",3,"35 and over","Large",295,1676,2002
"2002/03",3,"35 and over","Small",128,1676,2002
"2002/03",3,"35 and over","Unknown",2,1676,2002
"2002/03",3,"Under 25","Appropriate",1800,2224,2002
"2002/03",3,"Under 25","Large",211,2224,2002
"2002/03",3,"Under 25","Small",210,2224,2002
"2002/03",3,"Under 25","Unknown",3,2224,2002
"2002/03",4,"25-34","Appropriate",4613,5808,2002
"2002/03",4,"25-34","Large",786,5808,2002
"2002/03",4,"25-34","Small",400,5808,2002
"2002/03",4,"25-34","Unknown",9,5808,2002
"2002/03",4,"35 and over","Appropriate",1533,1985,2002
"2002/03",4,"35 and over","Large",335,1985,2002
"2002/03",4,"35 and over","Small",114,1985,2002
"2002/03",4,"35 and over","Unknown",3,1985,2002
"2002/03",4,"Under 25","Appropriate",1123,1391,2002
"2002/03",4,"Under 25","Large",137,1391,2002
"2002/03",4,"Under 25","Small",124,1391,2002
"2002/03",4,"Under 25","Unknown",7,1391,2002
"2002/03",4,"Unknown","Appropriate",1,1,2002
"2002/03",5,"25-34","Appropriate",4810,5988,2002
"2002/03",5,"25-34","Large",863,5988,2002
"2002/03",5,"25-34","Small",301,5988,2002
"2002/03",5,"25-34","Unknown",14,5988,2002
"2002/03",5,"35 and over","Appropriate",1937,2520,2002
"2002/03",5,"35 and over","Large",441,2520,2002
"2002/03",5,"35 and over","Small",138,2520,2002
"2002/03",5,"35 and over","Unknown",4,2520,2002
"2002/03",5,"Under 25","Appropriate",715,864,2002
"2002/03",5,"Under 25","Large",75,864,2002
"2002/03",5,"Under 25","Small",67,864,2002
"2002/03",5,"Under 25","Unknown",7,864,2002
"2002/03",5,"Unknown","Appropriate",1,1,2002
"2002/03",NA,"25-34","Appropriate",68,99,2002
"2002/03",NA,"25-34","Large",17,99,2002
"2002/03",NA,"25-34","Small",13,99,2002
"2002/03",NA,"25-34","Unknown",1,99,2002
"2002/03",NA,"35 and over","Appropriate",47,60,2002
"2002/03",NA,"35 and over","Large",10,60,2002
"2002/03",NA,"35 and over","Small",3,60,2002
"2002/03",NA,"Under 25","Appropriate",28,37,2002
"2002/03",NA,"Under 25","Large",4,37,2002
"2002/03",NA,"Under 25","Small",5,37,2002
"2003/04",1,"25-34","Appropriate",4206,5419,2003
"2003/04",1,"25-34","Large",600,5419,2003
"2003/04",1,"25-34","Small",594,5419,2003
"2003/04",1,"25-34","Unknown",19,5419,2003
"2003/04",1,"35 and over","Appropriate",973,1310,2003
"2003/04",1,"35 and over","Large",182,1310,2003
"2003/04",1,"35 and over","Small",146,1310,2003
"2003/04",1,"35 and over","Unknown",9,1310,2003
"2003/04",1,"Under 25","Appropriate",4500,5534,2003
"2003/04",1,"Under 25","Large",389,5534,2003
"2003/04",1,"Under 25","Small",630,5534,2003
"2003/04",1,"Under 25","Unknown",15,5534,2003
"2003/04",2,"25-34","Appropriate",4148,5147,2003
"2003/04",2,"25-34","Large",542,5147,2003
"2003/04",2,"25-34","Small",442,5147,2003
"2003/04",2,"25-34","Unknown",15,5147,2003
"2003/04",2,"35 and over","Appropriate",1123,1487,2003
"2003/04",2,"35 and over","Large",215,1487,2003
"2003/04",2,"35 and over","Small",139,1487,2003
"2003/04",2,"35 and over","Unknown",10,1487,2003
"2003/04",2,"Under 25","Appropriate",2647,3366,2003
"2003/04",2,"Under 25","Large",289,3366,2003
"2003/04",2,"Under 25","Small",421,3366,2003
"2003/04",2,"Under 25","Unknown",9,3366,2003
"2003/04",3,"25-34","Appropriate",4356,5498,2003
"2003/04",3,"25-34","Large",773,5498,2003
"2003/04",3,"25-34","Small",348,5498,2003
"2003/04",3,"25-34","Unknown",21,5498,2003
"2003/04",3,"35 and over","Appropriate",1382,1779,2003
"2003/04",3,"35 and over","Large",268,1779,2003
"2003/04",3,"35 and over","Small",128,1779,2003
"2003/04",3,"35 and over","Unknown",1,1779,2003
"2003/04",3,"Under 25","Appropriate",1786,2252,2003
"2003/04",3,"Under 25","Large",187,2252,2003
"2003/04",3,"Under 25","Small",271,2252,2003
"2003/04",3,"Under 25","Unknown",8,2252,2003
"2003/04",4,"25-34","Appropriate",4689,5848,2003
"2003/04",4,"25-34","Large",776,5848,2003
"2003/04",4,"25-34","Small",370,5848,2003
"2003/04",4,"25-34","Unknown",13,5848,2003
"2003/04",4,"35 and over","Appropriate",1681,2250,2003
"2003/04",4,"35 and over","Large",384,2250,2003
"2003/04",4,"35 and over","Small",179,2250,2003
"2003/04",4,"35 and over","Unknown",6,2250,2003
"2003/04",4,"Under 25","Appropriate",1203,1454,2003
"2003/04",4,"Under 25","Large",111,1454,2003
"2003/04",4,"Under 25","Small",136,1454,2003
"2003/04",4,"Under 25","Unknown",4,1454,2003
"2003/04",5,"25-34","Appropriate",4634,5830,2003
"2003/04",5,"25-34","Large",856,5830,2003
"2003/04",5,"25-34","Small",328,5830,2003
"2003/04",5,"25-34","Unknown",12,5830,2003
"2003/04",5,"35 and over","Appropriate",2072,2695,2003
"2003/04",5,"35 and over","Large",463,2695,2003
"2003/04",5,"35 and over","Small",155,2695,2003
"2003/04",5,"35 and over","Unknown",5,2695,2003
"2003/04",5,"Under 25","Appropriate",654,851,2003
"2003/04",5,"Under 25","Large",89,851,2003
"2003/04",5,"Under 25","Small",108,851,2003
"2003/04",NA,"25-34","Appropriate",96,104,2003
"2003/04",NA,"25-34","Large",5,104,2003
"2003/04",NA,"25-34","Small",3,104,2003
"2003/04",NA,"35 and over","Appropriate",28,39,2003
"2003/04",NA,"35 and over","Large",9,39,2003
"2003/04",NA,"35 and over","Small",2,39,2003
"2003/04",NA,"Under 25","Appropriate",45,54,2003
"2003/04",NA,"Under 25","Large",6,54,2003
"2003/04",NA,"Under 25","Small",3,54,2003
"2004/05",1,"25-34","Appropriate",4246,5502,2004
"2004/05",1,"25-34","Large",628,5502,2004
"2004/05",1,"25-34","Small",610,5502,2004
"2004/05",1,"25-34","Unknown",18,5502,2004
"2004/05",1,"35 and over","Appropriate",1019,1353,2004
"2004/05",1,"35 and over","Large",191,1353,2004
"2004/05",1,"35 and over","Small",135,1353,2004
"2004/05",1,"35 and over","Unknown",8,1353,2004
"2004/05",1,"Under 25","Appropriate",4687,5862,2004
"2004/05",1,"Under 25","Large",408,5862,2004
"2004/05",1,"Under 25","Small",739,5862,2004
"2004/05",1,"Under 25","Unknown",28,5862,2004
"2004/05",2,"25-34","Appropriate",4135,5266,2004
"2004/05",2,"25-34","Large",658,5266,2004
"2004/05",2,"25-34","Small",464,5266,2004
"2004/05",2,"25-34","Unknown",9,5266,2004
"2004/05",2,"35 and over","Appropriate",1185,1611,2004
"2004/05",2,"35 and over","Large",273,1611,2004
"2004/05",2,"35 and over","Small",149,1611,2004
"2004/05",2,"35 and over","Unknown",4,1611,2004
"2004/05",2,"Under 25","Appropriate",2709,3431,2004
"2004/05",2,"Under 25","Large",345,3431,2004
"2004/05",2,"Under 25","Small",368,3431,2004
"2004/05",2,"Under 25","Unknown",9,3431,2004
"2004/05",3,"25-34","Appropriate",4344,5472,2004
"2004/05",3,"25-34","Large",795,5472,2004
"2004/05",3,"25-34","Small",324,5472,2004
"2004/05",3,"25-34","Unknown",9,5472,2004
"2004/05",3,"35 and over","Appropriate",1505,1954,2004
"2004/05",3,"35 and over","Large",298,1954,2004
"2004/05",3,"35 and over","Small",151,1954,2004
"2004/05",3,"Under 25","Appropriate",1873,2314,2004
"2004/05",3,"Under 25","Large",222,2314,2004
"2004/05",3,"Under 25","Small",213,2314,2004
"2004/05",3,"Under 25","Unknown",6,2314,2004
"2004/05",4,"25-34","Appropriate",4582,5882,2004
"2004/05",4,"25-34","Large",879,5882,2004
"2004/05",4,"25-34","Small",406,5882,2004
"2004/05",4,"25-34","Unknown",15,5882,2004
"2004/05",4,"35 and over","Appropriate",1862,2395,2004
"2004/05",4,"35 and over","Large",384,2395,2004
"2004/05",4,"35 and over","Small",144,2395,2004
"2004/05",4,"35 and over","Unknown",5,2395,2004
"2004/05",4,"Under 25","Appropriate",1180,1473,2004
"2004/05",4,"Under 25","Large",158,1473,2004
"2004/05",4,"Under 25","Small",127,1473,2004
"2004/05",4,"Under 25","Unknown",8,1473,2004
"2004/05",5,"25-34","Appropriate",4704,5869,2004
"2004/05",5,"25-34","Large",845,5869,2004
"2004/05",5,"25-34","Small",310,5869,2004
"2004/05",5,"25-34","Unknown",10,5869,2004
"2004/05",5,"35 and over","Appropriate",2202,2842,2004
"2004/05",5,"35 and over","Large",474,2842,2004
"2004/05",5,"35 and over","Small",156,2842,2004
"2004/05",5,"35 and over","Unknown",10,2842,2004
"2004/05",5,"Under 25","Appropriate",626,761,2004
"2004/05",5,"Under 25","Large",73,761,2004
"2004/05",5,"Under 25","Small",61,761,2004
"2004/05",5,"Under 25","Unknown",1,761,2004
"2004/05",NA,"25-34","Appropriate",63,86,2004
"2004/05",NA,"25-34","Large",12,86,2004
"2004/05",NA,"25-34","Small",11,86,2004
"2004/05",NA,"35 and over","Appropriate",20,27,2004
"2004/05",NA,"35 and over","Large",1,27,2004
"2004/05",NA,"35 and over","Small",6,27,2004
"2004/05",NA,"Under 25","Appropriate",25,36,2004
"2004/05",NA,"Under 25","Large",1,36,2004
"2004/05",NA,"Under 25","Small",10,36,2004
"2005/06",1,"25-34","Appropriate",4462,5729,2005
"2005/06",1,"25-34","Large",620,5729,2005
"2005/06",1,"25-34","Small",625,5729,2005
"2005/06",1,"25-34","Unknown",22,5729,2005
"2005/06",1,"35 and over","Appropriate",1037,1366,2005
"2005/06",1,"35 and over","Large",141,1366,2005
"2005/06",1,"35 and over","Small",186,1366,2005
"2005/06",1,"35 and over","Unknown",2,1366,2005
"2005/06",1,"Under 25","Appropriate",4574,5812,2005
"2005/06",1,"Under 25","Large",467,5812,2005
"2005/06",1,"Under 25","Small",739,5812,2005
"2005/06",1,"Under 25","Unknown",32,5812,2005
"2005/06",2,"25-34","Appropriate",4145,5257,2005
"2005/06",2,"25-34","Large",624,5257,2005
"2005/06",2,"25-34","Small",469,5257,2005
"2005/06",2,"25-34","Unknown",19,5257,2005
"2005/06",2,"35 and over","Appropriate",1234,1611,2005
"2005/06",2,"35 and over","Large",243,1611,2005
"2005/06",2,"35 and over","Small",129,1611,2005
"2005/06",2,"35 and over","Unknown",5,1611,2005
"2005/06",2,"Under 25","Appropriate",2751,3387,2005
"2005/06",2,"Under 25","Large",297,3387,2005
"2005/06",2,"Under 25","Small",325,3387,2005
"2005/06",2,"Under 25","Unknown",14,3387,2005
"2005/06",3,"25-34","Appropriate",4240,5400,2005
"2005/06",3,"25-34","Large",756,5400,2005
"2005/06",3,"25-34","Small",387,5400,2005
"2005/06",3,"25-34","Unknown",17,5400,2005
"2005/06",3,"35 and over","Appropriate",1534,1954,2005
"2005/06",3,"35 and over","Large",261,1954,2005
"2005/06",3,"35 and over","Small",158,1954,2005
"2005/06",3,"35 and over","Unknown",1,1954,2005
"2005/06",3,"Under 25","Appropriate",1841,2255,2005
"2005/06",3,"Under 25","Large",201,2255,2005
"2005/06",3,"Under 25","Small",206,2255,2005
"2005/06",3,"Under 25","Unknown",7,2255,2005
"2005/06",4,"25-34","Appropriate",4425,5592,2005
"2005/06",4,"25-34","Large",794,5592,2005
"2005/06",4,"25-34","Small",362,5592,2005
"2005/06",4,"25-34","Unknown",11,5592,2005
"2005/06",4,"35 and over","Appropriate",1865,2483,2005
"2005/06",4,"35 and over","Large",467,2483,2005
"2005/06",4,"35 and over","Small",146,2483,2005
"2005/06",4,"35 and over","Unknown",5,2483,2005
"2005/06",4,"Under 25","Appropriate",1158,1436,2005
"2005/06",4,"Under 25","Large",122,1436,2005
"2005/06",4,"Under 25","Small",148,1436,2005
"2005/06",4,"Under 25","Unknown",8,1436,2005
"2005/06",5,"25-34","Appropriate",4385,5382,2005
"2005/06",5,"25-34","Large",703,5382,2005
"2005/06",5,"25-34","Small",282,5382,2005
"2005/06",5,"25-34","Unknown",12,5382,2005
"2005/06",5,"35 and over","Appropriate",2084,2702,2005
"2005/06",5,"35 and over","Large",473,2702,2005
"2005/06",5,"35 and over","Small",139,2702,2005
"2005/06",5,"35 and over","Unknown",6,2702,2005
"2005/06",5,"Under 25","Appropriate",660,789,2005
"2005/06",5,"Under 25","Large",62,789,2005
"2005/06",5,"Under 25","Small",65,789,2005
"2005/06",5,"Under 25","Unknown",2,789,2005
"2005/06",NA,"25-34","Appropriate",104,122,2005
"2005/06",NA,"25-34","Large",10,122,2005
"2005/06",NA,"25-34","Small",8,122,2005
"2005/06",NA,"35 and over","Appropriate",28,31,2005
"2005/06",NA,"35 and over","Large",2,31,2005
"2005/06",NA,"35 and over","Small",1,31,2005
"2005/06",NA,"Under 25","Appropriate",30,34,2005
"2005/06",NA,"Under 25","Large",2,34,2005
"2005/06",NA,"Under 25","Small",2,34,2005
"2006/07",1,"25-34","Appropriate",4603,5970,2006
"2006/07",1,"25-34","Large",716,5970,2006
"2006/07",1,"25-34","Small",621,5970,2006
"2006/07",1,"25-34","Unknown",30,5970,2006
"2006/07",1,"35 and over","Appropriate",1095,1427,2006
"2006/07",1,"35 and over","Large",176,1427,2006
"2006/07",1,"35 and over","Small",146,1427,2006
"2006/07",1,"35 and over","Unknown",10,1427,2006
"2006/07",1,"Under 25","Appropriate",4697,5837,2006
"2006/07",1,"Under 25","Large",492,5837,2006
"2006/07",1,"Under 25","Small",627,5837,2006
"2006/07",1,"Under 25","Unknown",21,5837,2006
"2006/07",2,"25-34","Appropriate",4482,5748,2006
"2006/07",2,"25-34","Large",765,5748,2006
"2006/07",2,"25-34","Small",481,5748,2006
"2006/07",2,"25-34","Unknown",20,5748,2006
"2006/07",2,"35 and over","Appropriate",1327,1718,2006
"2006/07",2,"35 and over","Large",244,1718,2006
"2006/07",2,"35 and over","Small",138,1718,2006
"2006/07",2,"35 and over","Unknown",9,1718,2006
"2006/07",2,"Under 25","Appropriate",2879,3634,2006
"2006/07",2,"Under 25","Large",317,3634,2006
"2006/07",2,"Under 25","Small",417,3634,2006
"2006/07",2,"Under 25","Unknown",21,3634,2006
"2006/07",3,"25-34","Appropriate",4559,5738,2006
"2006/07",3,"25-34","Large",790,5738,2006
"2006/07",3,"25-34","Small",377,5738,2006
"2006/07",3,"25-34","Unknown",12,5738,2006
"2006/07",3,"35 and over","Appropriate",1597,2023,2006
"2006/07",3,"35 and over","Large",305,2023,2006
"2006/07",3,"35 and over","Small",112,2023,2006
"2006/07",3,"35 and over","Unknown",9,2023,2006
"2006/07",3,"Under 25","Appropriate",1978,2426,2006
"2006/07",3,"Under 25","Large",208,2426,2006
"2006/07",3,"Under 25","Small",236,2426,2006
"2006/07",3,"Under 25","Unknown",4,2426,2006
"2006/07",4,"25-34","Appropriate",4519,5691,2006
"2006/07",4,"25-34","Large",843,5691,2006
"2006/07",4,"25-34","Small",324,5691,2006
"2006/07",4,"25-34","Unknown",5,5691,2006
"2006/07",4,"35 and over","Appropriate",1974,2532,2006
"2006/07",4,"35 and over","Large",409,2532,2006
"2006/07",4,"35 and over","Small",141,2532,2006
"2006/07",4,"35 and over","Unknown",8,2532,2006
"2006/07",4,"Under 25","Appropriate",1228,1499,2006
"2006/07",4,"Under 25","Large",148,1499,2006
"2006/07",4,"Under 25","Small",120,1499,2006
"2006/07",4,"Under 25","Unknown",3,1499,2006
"2006/07",5,"25-34","Appropriate",4384,5465,2006
"2006/07",5,"25-34","Large",741,5465,2006
"2006/07",5,"25-34","Small",322,5465,2006
"2006/07",5,"25-34","Unknown",18,5465,2006
"2006/07",5,"35 and over","Appropriate",2243,2873,2006
"2006/07",5,"35 and over","Large",480,2873,2006
"2006/07",5,"35 and over","Small",141,2873,2006
"2006/07",5,"35 and over","Unknown",9,2873,2006
"2006/07",5,"Under 25","Appropriate",654,805,2006
"2006/07",5,"Under 25","Large",92,805,2006
"2006/07",5,"Under 25","Small",58,805,2006
"2006/07",5,"Under 25","Unknown",1,805,2006
"2006/07",5,"Unknown","Appropriate",1,1,2006
"2006/07",NA,"25-34","Appropriate",65,97,2006
"2006/07",NA,"25-34","Large",21,97,2006
"2006/07",NA,"25-34","Small",8,97,2006
"2006/07",NA,"25-34","Unknown",3,97,2006
"2006/07",NA,"35 and over","Appropriate",42,51,2006
"2006/07",NA,"35 and over","Large",5,51,2006
"2006/07",NA,"35 and over","Small",2,51,2006
"2006/07",NA,"35 and over","Unknown",2,51,2006
"2006/07",NA,"Under 25","Appropriate",41,56,2006
"2006/07",NA,"Under 25","Large",7,56,2006
"2006/07",NA,"Under 25","Small",7,56,2006
"2006/07",NA,"Under 25","Unknown",1,56,2006
"2007/08",1,"25-34","Appropriate",5075,6449,2007
"2007/08",1,"25-34","Large",768,6449,2007
"2007/08",1,"25-34","Small",588,6449,2007
"2007/08",1,"25-34","Unknown",18,6449,2007
"2007/08",1,"35 and over","Appropriate",1215,1608,2007
"2007/08",1,"35 and over","Large",207,1608,2007
"2007/08",1,"35 and over","Small",168,1608,2007
"2007/08",1,"35 and over","Unknown",18,1608,2007
"2007/08",1,"Under 25","Appropriate",5102,6273,2007
"2007/08",1,"Under 25","Large",521,6273,2007
"2007/08",1,"Under 25","Small",627,6273,2007
"2007/08",1,"Under 25","Unknown",23,6273,2007
"2007/08",2,"25-34","Appropriate",4665,5903,2007
"2007/08",2,"25-34","Large",769,5903,2007
"2007/08",2,"25-34","Small",454,5903,2007
"2007/08",2,"25-34","Unknown",15,5903,2007
"2007/08",2,"35 and over","Appropriate",1403,1833,2007
"2007/08",2,"35 and over","Large",255,1833,2007
"2007/08",2,"35 and over","Small",170,1833,2007
"2007/08",2,"35 and over","Unknown",5,1833,2007
"2007/08",2,"Under 25","Appropriate",3126,3896,2007
"2007/08",2,"Under 25","Large",331,3896,2007
"2007/08",2,"Under 25","Small",420,3896,2007
"2007/08",2,"Under 25","Unknown",19,3896,2007
"2007/08",3,"25-34","Appropriate",4583,5789,2007
"2007/08",3,"25-34","Large",807,5789,2007
"2007/08",3,"25-34","Small",380,5789,2007
"2007/08",3,"25-34","Unknown",19,5789,2007
"2007/08",3,"35 and over","Appropriate",1687,2140,2007
"2007/08",3,"35 and over","Large",315,2140,2007
"2007/08",3,"35 and over","Small",130,2140,2007
"2007/08",3,"35 and over","Unknown",8,2140,2007
"2007/08",3,"Under 25","Appropriate",1915,2364,2007
"2007/08",3,"Under 25","Large",221,2364,2007
"2007/08",3,"Under 25","Small",210,2364,2007
"2007/08",3,"Under 25","Unknown",18,2364,2007
"2007/08",4,"25-34","Appropriate",4810,6033,2007
"2007/08",4,"25-34","Large",860,6033,2007
"2007/08",4,"25-34","Small",347,6033,2007
"2007/08",4,"25-34","Unknown",16,6033,2007
"2007/08",4,"35 and over","Appropriate",2094,2698,2007
"2007/08",4,"35 and over","Large",399,2698,2007
"2007/08",4,"35 and over","Small",195,2698,2007
"2007/08",4,"35 and over","Unknown",10,2698,2007
"2007/08",4,"Under 25","Appropriate",1225,1505,2007
"2007/08",4,"Under 25","Large",144,1505,2007
"2007/08",4,"Under 25","Small",131,1505,2007
"2007/08",4,"Under 25","Unknown",5,1505,2007
"2007/08",5,"25-34","Appropriate",4384,5436,2007
"2007/08",5,"25-34","Large",738,5436,2007
"2007/08",5,"25-34","Small",307,5436,2007
"2007/08",5,"25-34","Unknown",7,5436,2007
"2007/08",5,"35 and over","Appropriate",2427,3048,2007
"2007/08",5,"35 and over","Large",472,3048,2007
"2007/08",5,"35 and over","Small",138,3048,2007
"2007/08",5,"35 and over","Unknown",11,3048,2007
"2007/08",5,"Under 25","Appropriate",719,897,2007
"2007/08",5,"Under 25","Large",99,897,2007
"2007/08",5,"Under 25","Small",74,897,2007
"2007/08",5,"Under 25","Unknown",5,897,2007
"2007/08",NA,"25-34","Appropriate",76,87,2007
"2007/08",NA,"25-34","Large",8,87,2007
"2007/08",NA,"25-34","Small",3,87,2007
"2007/08",NA,"35 and over","Appropriate",35,40,2007
"2007/08",NA,"35 and over","Large",2,40,2007
"2007/08",NA,"35 and over","Small",3,40,2007
"2007/08",NA,"Under 25","Appropriate",32,44,2007
"2007/08",NA,"Under 25","Large",7,44,2007
"2007/08",NA,"Under 25","Small",5,44,2007
"2008/09",1,"25-34","Appropriate",5300,6841,2008
"2008/09",1,"25-34","Large",908,6841,2008
"2008/09",1,"25-34","Small",589,6841,2008
"2008/09",1,"25-34","Unknown",44,6841,2008
"2008/09",1,"35 and over","Appropriate",1227,1521,2008
"2008/09",1,"35 and over","Large",138,1521,2008
"2008/09",1,"35 and over","Small",154,1521,2008
"2008/09",1,"35 and over","Unknown",2,1521,2008
"2008/09",1,"Under 25","Appropriate",4923,6146,2008
"2008/09",1,"Under 25","Large",509,6146,2008
"2008/09",1,"Under 25","Small",680,6146,2008
"2008/09",1,"Under 25","Unknown",34,6146,2008
"2008/09",2,"25-34","Appropriate",4732,6058,2008
"2008/09",2,"25-34","Large",803,6058,2008
"2008/09",2,"25-34","Small",489,6058,2008
"2008/09",2,"25-34","Unknown",34,6058,2008
"2008/09",2,"35 and over","Appropriate",1401,1833,2008
"2008/09",2,"35 and over","Large",284,1833,2008
"2008/09",2,"35 and over","Small",145,1833,2008
"2008/09",2,"35 and over","Unknown",3,1833,2008
"2008/09",2,"Under 25","Appropriate",3141,3866,2008
"2008/09",2,"Under 25","Large",335,3866,2008
"2008/09",2,"Under 25","Small",373,3866,2008
"2008/09",2,"Under 25","Unknown",17,3866,2008
"2008/09",3,"25-34","Appropriate",4919,6192,2008
"2008/09",3,"25-34","Large",818,6192,2008
"2008/09",3,"25-34","Small",415,6192,2008
"2008/09",3,"25-34","Unknown",40,6192,2008
"2008/09",3,"35 and over","Appropriate",1664,2166,2008
"2008/09",3,"35 and over","Large",338,2166,2008
"2008/09",3,"35 and over","Small",158,2166,2008
"2008/09",3,"35 and over","Unknown",6,2166,2008
"2008/09",3,"Under 25","Appropriate",2116,2627,2008
"2008/09",3,"Under 25","Large",279,2627,2008
"2008/09",3,"Under 25","Small",224,2627,2008
"2008/09",3,"Under 25","Unknown",8,2627,2008
"2008/09",4,"25-34","Appropriate",4790,5978,2008
"2008/09",4,"25-34","Large",843,5978,2008
"2008/09",4,"25-34","Small",334,5978,2008
"2008/09",4,"25-34","Unknown",11,5978,2008
"2008/09",4,"35 and over","Appropriate",2025,2579,2008
"2008/09",4,"35 and over","Large",393,2579,2008
"2008/09",4,"35 and over","Small",156,2579,2008
"2008/09",4,"35 and over","Unknown",5,2579,2008
"2008/09",4,"Under 25","Appropriate",1349,1736,2008
"2008/09",4,"Under 25","Large",195,1736,2008
"2008/09",4,"Under 25","Small",184,1736,2008
"2008/09",4,"Under 25","Unknown",8,1736,2008
"2008/09",4,"Unknown","Appropriate",1,1,2008
"2008/09",5,"25-34","Appropriate",4201,5238,2008
"2008/09",5,"25-34","Large",711,5238,2008
"2008/09",5,"25-34","Small",316,5238,2008
"2008/09",5,"25-34","Unknown",10,5238,2008
"2008/09",5,"35 and over","Appropriate",2349,3013,2008
"2008/09",5,"35 and over","Large",484,3013,2008
"2008/09",5,"35 and over","Small",173,3013,2008
"2008/09",5,"35 and over","Unknown",7,3013,2008
"2008/09",5,"Under 25","Appropriate",829,1014,2008
"2008/09",5,"Under 25","Large",102,1014,2008
"2008/09",5,"Under 25","Small",77,1014,2008
"2008/09",5,"Under 25","Unknown",6,1014,2008
"2008/09",NA,"25-34","Appropriate",71,100,2008
"2008/09",NA,"25-34","Large",23,100,2008
"2008/09",NA,"25-34","Small",4,100,2008
"2008/09",NA,"25-34","Unknown",2,100,2008
"2008/09",NA,"35 and over","Appropriate",43,55,2008
"2008/09",NA,"35 and over","Large",9,55,2008
"2008/09",NA,"35 and over","Small",3,55,2008
"2008/09",NA,"Under 25","Appropriate",33,46,2008
"2008/09",NA,"Under 25","Large",6,46,2008
"2008/09",NA,"Under 25","Small",6,46,2008
"2008/09",NA,"Under 25","Unknown",1,46,2008
"2009/10",1,"25-34","Appropriate",5397,6921,2009
"2009/10",1,"25-34","Large",837,6921,2009
"2009/10",1,"25-34","Small",657,6921,2009
"2009/10",1,"25-34","Unknown",30,6921,2009
"2009/10",1,"35 and over","Appropriate",1190,1548,2009
"2009/10",1,"35 and over","Large",214,1548,2009
"2009/10",1,"35 and over","Small",140,1548,2009
"2009/10",1,"35 and over","Unknown",4,1548,2009
"2009/10",1,"Under 25","Appropriate",4698,5870,2009
"2009/10",1,"Under 25","Large",525,5870,2009
"2009/10",1,"Under 25","Small",621,5870,2009
"2009/10",1,"Under 25","Unknown",26,5870,2009
"2009/10",2,"25-34","Appropriate",5030,6437,2009
"2009/10",2,"25-34","Large",908,6437,2009
"2009/10",2,"25-34","Small",473,6437,2009
"2009/10",2,"25-34","Unknown",26,6437,2009
"2009/10",2,"35 and over","Appropriate",1329,1729,2009
"2009/10",2,"35 and over","Large",250,1729,2009
"2009/10",2,"35 and over","Small",147,1729,2009
"2009/10",2,"35 and over","Unknown",3,1729,2009
"2009/10",2,"Under 25","Appropriate",3048,3736,2009
"2009/10",2,"Under 25","Large",345,3736,2009
"2009/10",2,"Under 25","Small",326,3736,2009
"2009/10",2,"Under 25","Unknown",17,3736,2009
"2009/10",3,"25-34","Appropriate",4907,6114,2009
"2009/10",3,"25-34","Large",792,6114,2009
"2009/10",3,"25-34","Small",399,6114,2009
"2009/10",3,"25-34","Unknown",16,6114,2009
"2009/10",3,"35 and over","Appropriate",1700,2209,2009
"2009/10",3,"35 and over","Large",356,2209,2009
"2009/10",3,"35 and over","Small",146,2209,2009
"2009/10",3,"35 and over","Unknown",7,2209,2009
"2009/10",3,"Under 25","Appropriate",2010,2415,2009
"2009/10",3,"Under 25","Large",247,2415,2009
"2009/10",3,"Under 25","Small",154,2415,2009
"2009/10",3,"Under 25","Unknown",4,2415,2009
"2009/10",4,"25-34","Appropriate",4614,5717,2009
"2009/10",4,"25-34","Large",746,5717,2009
"2009/10",4,"25-34","Small",331,5717,2009
"2009/10",4,"25-34","Unknown",26,5717,2009
"2009/10",4,"35 and over","Appropriate",2038,2669,2009
"2009/10",4,"35 and over","Large",473,2669,2009
"2009/10",4,"35 and over","Small",152,2669,2009
"2009/10",4,"35 and over","Unknown",6,2669,2009
"2009/10",4,"Under 25","Appropriate",1392,1688,2009
"2009/10",4,"Under 25","Large",151,1688,2009
"2009/10",4,"Under 25","Small",137,1688,2009
"2009/10",4,"Under 25","Unknown",8,1688,2009
"2009/10",5,"25-34","Appropriate",4087,5123,2009
"2009/10",5,"25-34","Large",745,5123,2009
"2009/10",5,"25-34","Small",279,5123,2009
"2009/10",5,"25-34","Unknown",12,5123,2009
"2009/10",5,"35 and over","Appropriate",2108,2695,2009
"2009/10",5,"35 and over","Large",462,2695,2009
"2009/10",5,"35 and over","Small",113,2695,2009
"2009/10",5,"35 and over","Unknown",12,2695,2009
"2009/10",5,"Under 25","Appropriate",707,864,2009
"2009/10",5,"Under 25","Large",97,864,2009
"2009/10",5,"Under 25","Small",57,864,2009
"2009/10",5,"Under 25","Unknown",3,864,2009
"2009/10",NA,"25-34","Appropriate",126,168,2009
"2009/10",NA,"25-34","Large",38,168,2009
"2009/10",NA,"25-34","Small",4,168,2009
"2009/10",NA,"35 and over","Appropriate",40,52,2009
"2009/10",NA,"35 and over","Large",6,52,2009
"2009/10",NA,"35 and over","Small",6,52,2009
"2009/10",NA,"Under 25","Appropriate",32,40,2009
"2009/10",NA,"Under 25","Large",2,40,2009
"2009/10",NA,"Under 25","Small",4,40,2009
"2009/10",NA,"Under 25","Unknown",2,40,2009
"2010/11",1,"25-34","Appropriate",5846,7245,2010
"2010/11",1,"25-34","Large",849,7245,2010
"2010/11",1,"25-34","Small",533,7245,2010
"2010/11",1,"25-34","Unknown",17,7245,2010
"2010/11",1,"35 and over","Appropriate",1259,1615,2010
"2010/11",1,"35 and over","Large",201,1615,2010
"2010/11",1,"35 and over","Small",153,1615,2010
"2010/11",1,"35 and over","Unknown",2,1615,2010
"2010/11",1,"Under 25","Appropriate",4523,5621,2010
"2010/11",1,"Under 25","Large",476,5621,2010
"2010/11",1,"Under 25","Small",611,5621,2010
"2010/11",1,"Under 25","Unknown",11,5621,2010
"2010/11",2,"25-34","Appropriate",5006,6390,2010
"2010/11",2,"25-34","Large",854,6390,2010
"2010/11",2,"25-34","Small",524,6390,2010
"2010/11",2,"25-34","Unknown",6,6390,2010
"2010/11",2,"35 and over","Appropriate",1424,1815,2010
"2010/11",2,"35 and over","Large",266,1815,2010
"2010/11",2,"35 and over","Small",125,1815,2010
"2010/11",2,"Under 25","Appropriate",2888,3549,2010
"2010/11",2,"Under 25","Large",287,3549,2010
"2010/11",2,"Under 25","Small",372,3549,2010
"2010/11",2,"Under 25","Unknown",2,3549,2010
"2010/11",3,"25-34","Appropriate",4931,6144,2010
"2010/11",3,"25-34","Large",839,6144,2010
"2010/11",3,"25-34","Small",363,6144,2010
"2010/11",3,"25-34","Unknown",11,6144,2010
"2010/11",3,"35 and over","Appropriate",1677,2183,2010
"2010/11",3,"35 and over","Large",369,2183,2010
"2010/11",3,"35 and over","Small",130,2183,2010
"2010/11",3,"35 and over","Unknown",7,2183,2010
"2010/11",3,"Under 25","Appropriate",1866,2290,2010
"2010/11",3,"Under 25","Large",215,2290,2010
"2010/11",3,"Under 25","Small",207,2290,2010
"2010/11",3,"Under 25","Unknown",2,2290,2010
"2010/11",4,"25-34","Appropriate",4743,5824,2010
"2010/11",4,"25-34","Large",807,5824,2010
"2010/11",4,"25-34","Small",262,5824,2010
"2010/11",4,"25-34","Unknown",12,5824,2010
"2010/11",4,"35 and over","Appropriate",1914,2454,2010
"2010/11",4,"35 and over","Large",405,2454,2010
"2010/11",4,"35 and over","Small",132,2454,2010
"2010/11",4,"35 and over","Unknown",3,2454,2010
"2010/11",4,"Under 25","Appropriate",1260,1513,2010
"2010/11",4,"Under 25","Large",134,1513,2010
"2010/11",4,"Under 25","Small",118,1513,2010
"2010/11",4,"Under 25","Unknown",1,1513,2010
"2010/11",5,"25-34","Appropriate",4341,5369,2010
"2010/11",5,"25-34","Large",725,5369,2010
"2010/11",5,"25-34","Small",290,5369,2010
"2010/11",5,"25-34","Unknown",13,5369,2010
"2010/11",5,"35 and over","Appropriate",2079,2698,2010
"2010/11",5,"35 and over","Large",450,2698,2010
"2010/11",5,"35 and over","Small",163,2698,2010
"2010/11",5,"35 and over","Unknown",6,2698,2010
"2010/11",5,"Under 25","Appropriate",636,795,2010
"2010/11",5,"Under 25","Large",85,795,2010
"2010/11",5,"Under 25","Small",73,795,2010
"2010/11",5,"Under 25","Unknown",1,795,2010
"2010/11",NA,"25-34","Appropriate",105,126,2010
"2010/11",NA,"25-34","Large",12,126,2010
"2010/11",NA,"25-34","Small",9,126,2010
"2010/11",NA,"35 and over","Appropriate",41,48,2010
"2010/11",NA,"35 and over","Large",6,48,2010
"2010/11",NA,"35 and over","Small",1,48,2010
"2010/11",NA,"Under 25","Appropriate",42,48,2010
"2010/11",NA,"Under 25","Large",5,48,2010
"2010/11",NA,"Under 25","Small",1,48,2010
"2011/12",1,"25-34","Appropriate",6053,7642,2011
"2011/12",1,"25-34","Large",943,7642,2011
"2011/12",1,"25-34","Small",631,7642,2011
"2011/12",1,"25-34","Unknown",15,7642,2011
"2011/12",1,"35 and over","Appropriate",1318,1737,2011
"2011/12",1,"35 and over","Large",242,1737,2011
"2011/12",1,"35 and over","Small",173,1737,2011
"2011/12",1,"35 and over","Unknown",4,1737,2011
"2011/12",1,"Under 25","Appropriate",4376,5365,2011
"2011/12",1,"Under 25","Large",483,5365,2011
"2011/12",1,"Under 25","Small",497,5365,2011
"2011/12",1,"Under 25","Unknown",9,5365,2011
"2011/12",2,"25-34","Appropriate",5329,6680,2011
"2011/12",2,"25-34","Large",910,6680,2011
"2011/12",2,"25-34","Small",421,6680,2011
"2011/12",2,"25-34","Unknown",20,6680,2011
"2011/12",2,"35 and over","Appropriate",1435,1857,2011
"2011/12",2,"35 and over","Large",271,1857,2011
"2011/12",2,"35 and over","Small",148,1857,2011
"2011/12",2,"35 and over","Unknown",3,1857,2011
"2011/12",2,"Under 25","Appropriate",2821,3438,2011
"2011/12",2,"Under 25","Large",302,3438,2011
"2011/12",2,"Under 25","Small",306,3438,2011
"2011/12",2,"Under 25","Unknown",9,3438,2011
"2011/12",3,"25-34","Appropriate",4978,6219,2011
"2011/12",3,"25-34","Large",877,6219,2011
"2011/12",3,"25-34","Small",342,6219,2011
"2011/12",3,"25-34","Unknown",22,6219,2011
"2011/12",3,"35 and over","Appropriate",1692,2244,2011
"2011/12",3,"35 and over","Large",395,2244,2011
"2011/12",3,"35 and over","Small",151,2244,2011
"2011/12",3,"35 and over","Unknown",6,2244,2011
"2011/12",3,"Under 25","Appropriate",1809,2265,2011
"2011/12",3,"Under 25","Large",251,2265,2011
"2011/12",3,"Under 25","Small",204,2265,2011
"2011/12",3,"Under 25","Unknown",1,2265,2011
"2011/12",4,"25-34","Appropriate",4671,5798,2011
"2011/12",4,"25-34","Large",831,5798,2011
"2011/12",4,"25-34","Small",284,5798,2011
"2011/12",4,"25-34","Unknown",12,5798,2011
"2011/12",4,"35 and over","Appropriate",1949,2478,2011
"2011/12",4,"35 and over","Large",376,2478,2011
"2011/12",4,"35 and over","Small",149,2478,2011
"2011/12",4,"35 and over","Unknown",4,2478,2011
"2011/12",4,"Under 25","Appropriate",1207,1477,2011
"2011/12",4,"Under 25","Large",149,1477,2011
"2011/12",4,"Under 25","Small",118,1477,2011
"2011/12",4,"Under 25","Unknown",3,1477,2011
"2011/12",5,"25-34","Appropriate",4078,5016,2011
"2011/12",5,"25-34","Large",674,5016,2011
"2011/12",5,"25-34","Small",259,5016,2011
"2011/12",5,"25-34","Unknown",5,5016,2011
"2011/12",5,"35 and over","Appropriate",2120,2716,2011
"2011/12",5,"35 and over","Large",464,2716,2011
"2011/12",5,"35 and over","Small",124,2716,2011
"2011/12",5,"35 and over","Unknown",8,2716,2011
"2011/12",5,"Under 25","Appropriate",653,813,2011
"2011/12",5,"Under 25","Large",90,813,2011
"2011/12",5,"Under 25","Small",69,813,2011
"2011/12",5,"Under 25","Unknown",1,813,2011
"2011/12",NA,"25-34","Appropriate",151,171,2011
"2011/12",NA,"25-34","Large",12,171,2011
"2011/12",NA,"25-34","Small",8,171,2011
"2011/12",NA,"35 and over","Appropriate",46,52,2011
"2011/12",NA,"35 and over","Large",4,52,2011
"2011/12",NA,"35 and over","Small",2,52,2011
"2011/12",NA,"Under 25","Appropriate",38,55,2011
"2011/12",NA,"Under 25","Large",10,55,2011
"2011/12",NA,"Under 25","Small",6,55,2011
"2011/12",NA,"Under 25","Unknown",1,55,2011
"2012/13",1,"25-34","Appropriate",6178,7979,2012
"2012/13",1,"25-34","Large",1107,7979,2012
"2012/13",1,"25-34","Small",664,7979,2012
"2012/13",1,"25-34","Unknown",30,7979,2012
"2012/13",1,"35 and over","Appropriate",1262,1756,2012
"2012/13",1,"35 and over","Large",287,1756,2012
"2012/13",1,"35 and over","Small",197,1756,2012
"2012/13",1,"35 and over","Unknown",10,1756,2012
"2012/13",1,"Under 25","Appropriate",4116,5045,2012
"2012/13",1,"Under 25","Large",408,5045,2012
"2012/13",1,"Under 25","Small",499,5045,2012
"2012/13",1,"Under 25","Unknown",22,5045,2012
"2012/13",2,"25-34","Appropriate",5364,6641,2012
"2012/13",2,"25-34","Large",830,6641,2012
"2012/13",2,"25-34","Small",429,6641,2012
"2012/13",2,"25-34","Unknown",18,6641,2012
"2012/13",2,"35 and over","Appropriate",1412,1769,2012
"2012/13",2,"35 and over","Large",236,1769,2012
"2012/13",2,"35 and over","Small",113,1769,2012
"2012/13",2,"35 and over","Unknown",8,1769,2012
"2012/13",2,"Under 25","Appropriate",2733,3336,2012
"2012/13",2,"Under 25","Large",281,3336,2012
"2012/13",2,"Under 25","Small",315,3336,2012
"2012/13",2,"Under 25","Unknown",7,3336,2012
"2012/13",3,"25-34","Appropriate",4905,6163,2012
"2012/13",3,"25-34","Large",861,6163,2012
"2012/13",3,"25-34","Small",380,6163,2012
"2012/13",3,"25-34","Unknown",17,6163,2012
"2012/13",3,"35 and over","Appropriate",1581,2033,2012
"2012/13",3,"35 and over","Large",351,2033,2012
"2012/13",3,"35 and over","Small",91,2033,2012
"2012/13",3,"35 and over","Unknown",10,2033,2012
"2012/13",3,"Under 25","Appropriate",1796,2149,2012
"2012/13",3,"Under 25","Large",161,2149,2012
"2012/13",3,"Under 25","Small",186,2149,2012
"2012/13",3,"Under 25","Unknown",6,2149,2012
"2012/13",4,"25-34","Appropriate",4490,5554,2012
"2012/13",4,"25-34","Large",743,5554,2012
"2012/13",4,"25-34","Small",309,5554,2012
"2012/13",4,"25-34","Unknown",12,5554,2012
"2012/13",4,"35 and over","Appropriate",1811,2312,2012
"2012/13",4,"35 and over","Large",400,2312,2012
"2012/13",4,"35 and over","Small",97,2312,2012
"2012/13",4,"35 and over","Unknown",4,2312,2012
"2012/13",4,"Under 25","Appropriate",1209,1473,2012
"2012/13",4,"Under 25","Large",170,1473,2012
"2012/13",4,"Under 25","Small",87,1473,2012
"2012/13",4,"Under 25","Unknown",7,1473,2012
"2012/13",5,"25-34","Appropriate",4011,4952,2012
"2012/13",5,"25-34","Large",662,4952,2012
"2012/13",5,"25-34","Small",270,4952,2012
"2012/13",5,"25-34","Unknown",9,4952,2012
"2012/13",5,"35 and over","Appropriate",2050,2570,2012
"2012/13",5,"35 and over","Large",406,2570,2012
"2012/13",5,"35 and over","Small",109,2570,2012
"2012/13",5,"35 and over","Unknown",5,2570,2012
"2012/13",5,"Under 25","Appropriate",657,764,2012
"2012/13",5,"Under 25","Large",65,764,2012
"2012/13",5,"Under 25","Small",35,764,2012
"2012/13",5,"Under 25","Unknown",7,764,2012
"2012/13",NA,"25-34","Appropriate",141,166,2012
"2012/13",NA,"25-34","Large",17,166,2012
"2012/13",NA,"25-34","Small",8,166,2012
"2012/13",NA,"35 and over","Appropriate",32,38,2012
"2012/13",NA,"35 and over","Large",5,38,2012
"2012/13",NA,"35 and over","Small",1,38,2012
"2012/13",NA,"Under 25","Appropriate",53,65,2012
"2012/13",NA,"Under 25","Large",5,65,2012
"2012/13",NA,"Under 25","Small",7,65,2012
"2013/14",1,"25-34","Appropriate",5877,7371,2013
"2013/14",1,"25-34","Large",877,7371,2013
"2013/14",1,"25-34","Small",578,7371,2013
"2013/14",1,"25-34","Unknown",39,7371,2013
"2013/14",1,"35 and over","Appropriate",1298,1636,2013
"2013/14",1,"35 and over","Large",228,1636,2013
"2013/14",1,"35 and over","Small",105,1636,2013
"2013/14",1,"35 and over","Unknown",5,1636,2013
"2013/14",1,"Under 25","Appropriate",3907,4776,2013
"2013/14",1,"Under 25","Large",438,4776,2013
"2013/14",1,"Under 25","Small",413,4776,2013
"2013/14",1,"Under 25","Unknown",18,4776,2013
"2013/14",2,"25-34","Appropriate",5101,6393,2013
"2013/14",2,"25-34","Large",862,6393,2013
"2013/14",2,"25-34","Small",404,6393,2013
"2013/14",2,"25-34","Unknown",26,6393,2013
"2013/14",2,"35 and over","Appropriate",1323,1771,2013
"2013/14",2,"35 and over","Large",288,1771,2013
"2013/14",2,"35 and over","Small",149,1771,2013
"2013/14",2,"35 and over","Unknown",11,1771,2013
"2013/14",2,"Under 25","Appropriate",2489,3059,2013
"2013/14",2,"Under 25","Large",266,3059,2013
"2013/14",2,"Under 25","Small",284,3059,2013
"2013/14",2,"Under 25","Unknown",20,3059,2013
"2013/14",3,"25-34","Appropriate",4932,6240,2013
"2013/14",3,"25-34","Large",936,6240,2013
"2013/14",3,"25-34","Small",349,6240,2013
"2013/14",3,"25-34","Unknown",23,6240,2013
"2013/14",3,"35 and over","Appropriate",1581,2037,2013
"2013/14",3,"35 and over","Large",303,2037,2013
"2013/14",3,"35 and over","Small",141,2037,2013
"2013/14",3,"35 and over","Unknown",12,2037,2013
"2013/14",3,"Under 25","Appropriate",1637,2010,2013
"2013/14",3,"Under 25","Large",202,2010,2013
"2013/14",3,"Under 25","Small",161,2010,2013
"2013/14",3,"Under 25","Unknown",10,2010,2013
"2013/14",4,"25-34","Appropriate",4673,5848,2013
"2013/14",4,"25-34","Large",892,5848,2013
"2013/14",4,"25-34","Small",265,5848,2013
"2013/14",4,"25-34","Unknown",18,5848,2013
"2013/14",4,"35 and over","Appropriate",1867,2379,2013
"2013/14",4,"35 and over","Large",372,2379,2013
"2013/14",4,"35 and over","Small",139,2379,2013
"2013/14",4,"35 and over","Unknown",1,2379,2013
"2013/14",4,"Under 25","Appropriate",1106,1336,2013
"2013/14",4,"Under 25","Large",134,1336,2013
"2013/14",4,"Under 25","Small",87,1336,2013
"2013/14",4,"Under 25","Unknown",9,1336,2013
"2013/14",5,"25-34","Appropriate",4295,5273,2013
"2013/14",5,"25-34","Large",681,5273,2013
"2013/14",5,"25-34","Small",269,5273,2013
"2013/14",5,"25-34","Unknown",28,5273,2013
"2013/14",5,"35 and over","Appropriate",2106,2645,2013
"2013/14",5,"35 and over","Large",428,2645,2013
"2013/14",5,"35 and over","Small",103,2645,2013
"2013/14",5,"35 and over","Unknown",8,2645,2013
"2013/14",5,"Under 25","Appropriate",558,665,2013
"2013/14",5,"Under 25","Large",74,665,2013
"2013/14",5,"Under 25","Small",32,665,2013
"2013/14",5,"Under 25","Unknown",1,665,2013
"2013/14",NA,"25-34","Appropriate",136,171,2013
"2013/14",NA,"25-34","Large",32,171,2013
"2013/14",NA,"25-34","Small",2,171,2013
"2013/14",NA,"25-34","Unknown",1,171,2013
"2013/14",NA,"35 and over","Appropriate",45,64,2013
"2013/14",NA,"35 and over","Large",13,64,2013
"2013/14",NA,"35 and over","Small",5,64,2013
"2013/14",NA,"35 and over","Unknown",1,64,2013
"2013/14",NA,"Under 25","Appropriate",41,49,2013
"2013/14",NA,"Under 25","Large",3,49,2013
"2013/14",NA,"Under 25","Small",5,49,2013
"2014/15",1,"25-34","Appropriate",5975,7446,2014
"2014/15",1,"25-34","Large",926,7446,2014
"2014/15",1,"25-34","Small",499,7446,2014
"2014/15",1,"25-34","Unknown",46,7446,2014
"2014/15",1,"35 and over","Appropriate",1296,1666,2014
"2014/15",1,"35 and over","Large",210,1666,2014
"2014/15",1,"35 and over","Small",146,1666,2014
"2014/15",1,"35 and over","Unknown",14,1666,2014
"2014/15",1,"Under 25","Appropriate",3732,4642,2014
"2014/15",1,"Under 25","Large",458,4642,2014
"2014/15",1,"Under 25","Small",380,4642,2014
"2014/15",1,"Under 25","Unknown",72,4642,2014
"2014/15",2,"25-34","Appropriate",5092,6464,2014
"2014/15",2,"25-34","Large",934,6464,2014
"2014/15",2,"25-34","Small",390,6464,2014
"2014/15",2,"25-34","Unknown",48,6464,2014
"2014/15",2,"35 and over","Appropriate",1465,1829,2014
"2014/15",2,"35 and over","Large",246,1829,2014
"2014/15",2,"35 and over","Small",105,1829,2014
"2014/15",2,"35 and over","Unknown",13,1829,2014
"2014/15",2,"Under 25","Appropriate",2414,2972,2014
"2014/15",2,"Under 25","Large",300,2972,2014
"2014/15",2,"Under 25","Small",239,2972,2014
"2014/15",2,"Under 25","Unknown",19,2972,2014
"2014/15",3,"25-34","Appropriate",4758,5949,2014
"2014/15",3,"25-34","Large",853,5949,2014
"2014/15",3,"25-34","Small",304,5949,2014
"2014/15",3,"25-34","Unknown",34,5949,2014
"2014/15",3,"35 and over","Appropriate",1493,1944,2014
"2014/15",3,"35 and over","Large",307,1944,2014
"2014/15",3,"35 and over","Small",129,1944,2014
"2014/15",3,"35 and over","Unknown",15,1944,2014
"2014/15",3,"Under 25","Appropriate",1508,1889,2014
"2014/15",3,"Under 25","Large",210,1889,2014
"2014/15",3,"Under 25","Small",150,1889,2014
"2014/15",3,"Under 25","Unknown",21,1889,2014
"2014/15",4,"25-34","Appropriate",4934,6131,2014
"2014/15",4,"25-34","Large",863,6131,2014
"2014/15",4,"25-34","Small",291,6131,2014
"2014/15",4,"25-34","Unknown",43,6131,2014
"2014/15",4,"35 and over","Appropriate",1827,2360,2014
"2014/15",4,"35 and over","Large",407,2360,2014
"2014/15",4,"35 and over","Small",115,2360,2014
"2014/15",4,"35 and over","Unknown",11,2360,2014
"2014/15",4,"Under 25","Appropriate",1037,1261,2014
"2014/15",4,"Under 25","Large",128,1261,2014
"2014/15",4,"Under 25","Small",89,1261,2014
"2014/15",4,"Under 25","Unknown",7,1261,2014
"2014/15",5,"25-34","Appropriate",4631,5681,2014
"2014/15",5,"25-34","Large",749,5681,2014
"2014/15",5,"25-34","Small",265,5681,2014
"2014/15",5,"25-34","Unknown",36,5681,2014
"2014/15",5,"35 and over","Appropriate",2274,2883,2014
"2014/15",5,"35 and over","Large",475,2883,2014
"2014/15",5,"35 and over","Small",119,2883,2014
"2014/15",5,"35 and over","Unknown",15,2883,2014
"2014/15",5,"Under 25","Appropriate",474,577,2014
"2014/15",5,"Under 25","Large",75,577,2014
"2014/15",5,"Under 25","Small",25,577,2014
"2014/15",5,"Under 25","Unknown",3,577,2014
"2014/15",NA,"25-34","Appropriate",83,100,2014
"2014/15",NA,"25-34","Large",13,100,2014
"2014/15",NA,"25-34","Small",4,100,2014
"2014/15",NA,"35 and over","Appropriate",14,15,2014
"2014/15",NA,"35 and over","Large",1,15,2014
"2014/15",NA,"Under 25","Appropriate",29,35,2014
"2014/15",NA,"Under 25","Large",3,35,2014
"2014/15",NA,"Under 25","Small",3,35,2014
"2015/16",1,"25-34","Appropriate",5768,7285,2015
"2015/16",1,"25-34","Large",932,7285,2015
"2015/16",1,"25-34","Small",522,7285,2015
"2015/16",1,"25-34","Unknown",63,7285,2015
"2015/16",1,"35 and over","Appropriate",1417,1816,2015
"2015/16",1,"35 and over","Large",256,1816,2015
"2015/16",1,"35 and over","Small",123,1816,2015
"2015/16",1,"35 and over","Unknown",20,1816,2015
"2015/16",1,"Under 25","Appropriate",3423,4271,2015
"2015/16",1,"Under 25","Large",455,4271,2015
"2015/16",1,"Under 25","Small",357,4271,2015
"2015/16",1,"Under 25","Unknown",36,4271,2015
"2015/16",2,"25-34","Appropriate",5533,6855,2015
"2015/16",2,"25-34","Large",916,6855,2015
"2015/16",2,"25-34","Small",364,6855,2015
"2015/16",2,"25-34","Unknown",42,6855,2015
"2015/16",2,"35 and over","Appropriate",1340,1762,2015
"2015/16",2,"35 and over","Large",288,1762,2015
"2015/16",2,"35 and over","Small",122,1762,2015
"2015/16",2,"35 and over","Unknown",12,1762,2015
"2015/16",2,"Under 25","Appropriate",2381,2874,2015
"2015/16",2,"Under 25","Large",283,2874,2015
"2015/16",2,"Under 25","Small",193,2874,2015
"2015/16",2,"Under 25","Unknown",17,2874,2015
"2015/16",3,"25-34","Appropriate",4537,5652,2015
"2015/16",3,"25-34","Large",800,5652,2015
"2015/16",3,"25-34","Small",280,5652,2015
"2015/16",3,"25-34","Unknown",35,5652,2015
"2015/16",3,"35 and over","Appropriate",1545,1958,2015
"2015/16",3,"35 and over","Large",311,1958,2015
"2015/16",3,"35 and over","Small",90,1958,2015
"2015/16",3,"35 and over","Unknown",12,1958,2015
"2015/16",3,"Under 25","Appropriate",1404,1727,2015
"2015/16",3,"Under 25","Large",171,1727,2015
"2015/16",3,"Under 25","Small",135,1727,2015
"2015/16",3,"Under 25","Unknown",17,1727,2015
"2015/16",4,"25-34","Appropriate",4705,5874,2015
"2015/16",4,"25-34","Large",882,5874,2015
"2015/16",4,"25-34","Small",258,5874,2015
"2015/16",4,"25-34","Unknown",29,5874,2015
"2015/16",4,"35 and over","Appropriate",1934,2457,2015
"2015/16",4,"35 and over","Large",408,2457,2015
"2015/16",4,"35 and over","Small",104,2457,2015
"2015/16",4,"35 and over","Unknown",11,2457,2015
"2015/16",4,"Under 25","Appropriate",965,1204,2015
"2015/16",4,"Under 25","Large",116,1204,2015
"2015/16",4,"Under 25","Small",116,1204,2015
"2015/16",4,"Under 25","Unknown",7,1204,2015
"2015/16",5,"25-34","Appropriate",4539,5604,2015
"2015/16",5,"25-34","Large",809,5604,2015
"2015/16",5,"25-34","Small",223,5604,2015
"2015/16",5,"25-34","Unknown",33,5604,2015
"2015/16",5,"35 and over","Appropriate",2310,2873,2015
"2015/16",5,"35 and over","Large",432,2873,2015
"2015/16",5,"35 and over","Small",125,2873,2015
"2015/16",5,"35 and over","Unknown",6,2873,2015
"2015/16",5,"Under 25","Appropriate",494,614,2015
"2015/16",5,"Under 25","Large",68,614,2015
"2015/16",5,"Under 25","Small",47,614,2015
"2015/16",5,"Under 25","Unknown",5,614,2015
"2015/16",NA,"25-34","Appropriate",54,78,2015
"2015/16",NA,"25-34","Large",23,78,2015
"2015/16",NA,"25-34","Unknown",1,78,2015
"2015/16",NA,"35 and over","Appropriate",20,26,2015
"2015/16",NA,"35 and over","Large",5,26,2015
"2015/16",NA,"35 and over","Small",1,26,2015
"2015/16",NA,"Under 25","Appropriate",26,31,2015
"2015/16",NA,"Under 25","Large",4,31,2015
"2015/16",NA,"Under 25","Small",1,31,2015
"2016/17",1,"25-34","Appropriate",5869,7393,2016
"2016/17",1,"25-34","Large",864,7393,2016
"2016/17",1,"25-34","Small",538,7393,2016
"2016/17",1,"25-34","Unknown",122,7393,2016
"2016/17",1,"35 and over","Appropriate",1387,1805,2016
"2016/17",1,"35 and over","Large",259,1805,2016
"2016/17",1,"35 and over","Small",122,1805,2016
"2016/17",1,"35 and over","Unknown",37,1805,2016
"2016/17",1,"Under 25","Appropriate",3360,4111,2016
"2016/17",1,"Under 25","Large",345,4111,2016
"2016/17",1,"Under 25","Small",322,4111,2016
"2016/17",1,"Under 25","Unknown",84,4111,2016
"2016/17",2,"25-34","Appropriate",5192,6499,2016
"2016/17",2,"25-34","Large",876,6499,2016
"2016/17",2,"25-34","Small",375,6499,2016
"2016/17",2,"25-34","Unknown",56,6499,2016
"2016/17",2,"35 and over","Appropriate",1454,1883,2016
"2016/17",2,"35 and over","Large",287,1883,2016
"2016/17",2,"35 and over","Small",105,1883,2016
"2016/17",2,"35 and over","Unknown",37,1883,2016
"2016/17",2,"Under 25","Appropriate",2071,2542,2016
"2016/17",2,"Under 25","Large",234,2542,2016
"2016/17",2,"Under 25","Small",203,2542,2016
"2016/17",2,"Under 25","Unknown",34,2542,2016
"2016/17",3,"25-34","Appropriate",4658,5905,2016
"2016/17",3,"25-34","Large",939,5905,2016
"2016/17",3,"25-34","Small",254,5905,2016
"2016/17",3,"25-34","Unknown",54,5905,2016
"2016/17",3,"35 and over","Appropriate",1569,2015,2016
"2016/17",3,"35 and over","Large",325,2015,2016
"2016/17",3,"35 and over","Small",94,2015,2016
"2016/17",3,"35 and over","Unknown",27,2015,2016
"2016/17",3,"Under 25","Appropriate",1359,1655,2016
"2016/17",3,"Under 25","Large",191,1655,2016
"2016/17",3,"Under 25","Small",86,1655,2016
"2016/17",3,"Under 25","Unknown",19,1655,2016
"2016/17",4,"25-34","Appropriate",4704,5987,2016
"2016/17",4,"25-34","Large",990,5987,2016
"2016/17",4,"25-34","Small",244,5987,2016
"2016/17",4,"25-34","Unknown",49,5987,2016
"2016/17",4,"35 and over","Appropriate",1985,2547,2016
"2016/17",4,"35 and over","Large",425,2547,2016
"2016/17",4,"35 and over","Small",106,2547,2016
"2016/17",4,"35 and over","Unknown",31,2547,2016
"2016/17",4,"Under 25","Appropriate",849,1064,2016
"2016/17",4,"Under 25","Large",141,1064,2016
"2016/17",4,"Under 25","Small",66,1064,2016
"2016/17",4,"Under 25","Unknown",8,1064,2016
"2016/17",5,"25-34","Appropriate",4192,5308,2016
"2016/17",5,"25-34","Large",828,5308,2016
"2016/17",5,"25-34","Small",245,5308,2016
"2016/17",5,"25-34","Unknown",43,5308,2016
"2016/17",5,"35 and over","Appropriate",2305,2895,2016
"2016/17",5,"35 and over","Large",451,2895,2016
"2016/17",5,"35 and over","Small",120,2895,2016
"2016/17",5,"35 and over","Unknown",19,2895,2016
"2016/17",5,"Under 25","Appropriate",470,581,2016
"2016/17",5,"Under 25","Large",62,581,2016
"2016/17",5,"Under 25","Small",43,581,2016
"2016/17",5,"Under 25","Unknown",6,581,2016
"2016/17",NA,"25-34","Appropriate",65,76,2016
"2016/17",NA,"25-34","Large",6,76,2016
"2016/17",NA,"25-34","Small",3,76,2016
"2016/17",NA,"25-34","Unknown",2,76,2016
"2016/17",NA,"35 and over","Appropriate",18,21,2016
"2016/17",NA,"35 and over","Large",2,21,2016
"2016/17",NA,"35 and over","Small",1,21,2016
"2016/17",NA,"Under 25","Appropriate",19,25,2016
"2016/17",NA,"Under 25","Large",5,25,2016
"2016/17",NA,"Under 25","Small",1,25,2016
"2017/18",1,"25-34","Appropriate",5384,6932,2017
"2017/18",1,"25-34","Large",926,6932,2017
"2017/18",1,"25-34","Small",484,6932,2017
"2017/18",1,"25-34","Unknown",138,6932,2017
"2017/18",1,"35 and over","Appropriate",1408,1854,2017
"2017/18",1,"35 and over","Large",277,1854,2017
"2017/18",1,"35 and over","Small",130,1854,2017
"2017/18",1,"35 and over","Unknown",39,1854,2017
"2017/18",1,"Under 25","Appropriate",3158,3865,2017
"2017/18",1,"Under 25","Large",347,3865,2017
"2017/18",1,"Under 25","Small",303,3865,2017
"2017/18",1,"Under 25","Unknown",57,3865,2017
"2017/18",2,"25-34","Appropriate",4997,6327,2017
"2017/18",2,"25-34","Large",907,6327,2017
"2017/18",2,"25-34","Small",348,6327,2017
"2017/18",2,"25-34","Unknown",75,6327,2017
"2017/18",2,"35 and over","Appropriate",1460,1860,2017
"2017/18",2,"35 and over","Large",265,1860,2017
"2017/18",2,"35 and over","Small",112,1860,2017
"2017/18",2,"35 and over","Unknown",23,1860,2017
"2017/18",2,"Under 25","Appropriate",2028,2480,2017
"2017/18",2,"Under 25","Large",241,2480,2017
"2017/18",2,"Under 25","Small",175,2480,2017
"2017/18",2,"Under 25","Unknown",36,2480,2017
"2017/18",3,"25-34","Appropriate",4481,5594,2017
"2017/18",3,"25-34","Large",766,5594,2017
"2017/18",3,"25-34","Small",276,5594,2017
"2017/18",3,"25-34","Unknown",71,5594,2017
"2017/18",3,"35 and over","Appropriate",1505,1974,2017
"2017/18",3,"35 and over","Large",359,1974,2017
"2017/18",3,"35 and over","Small",79,1974,2017
"2017/18",3,"35 and over","Unknown",31,1974,2017
"2017/18",3,"Under 25","Appropriate",1174,1467,2017
"2017/18",3,"Under 25","Large",177,1467,2017
"2017/18",3,"Under 25","Small",105,1467,2017
"2017/18",3,"Under 25","Unknown",11,1467,2017
"2017/18",4,"25-34","Appropriate",4821,6037,2017
"2017/18",4,"25-34","Large",905,6037,2017
"2017/18",4,"25-34","Small",254,6037,2017
"2017/18",4,"25-34","Unknown",57,6037,2017
"2017/18",4,"35 and over","Appropriate",1956,2537,2017
"2017/18",4,"35 and over","Large",427,2537,2017
"2017/18",4,"35 and over","Small",139,2537,2017
"2017/18",4,"35 and over","Unknown",15,2537,2017
"2017/18",4,"Under 25","Appropriate",801,962,2017
"2017/18",4,"Under 25","Large",91,962,2017
"2017/18",4,"Under 25","Small",56,962,2017
"2017/18",4,"Under 25","Unknown",14,962,2017
"2017/18",5,"25-34","Appropriate",4102,5052,2017
"2017/18",5,"25-34","Large",714,5052,2017
"2017/18",5,"25-34","Small",192,5052,2017
"2017/18",5,"25-34","Unknown",44,5052,2017
"2017/18",5,"35 and over","Appropriate",2306,2914,2017
"2017/18",5,"35 and over","Large",468,2914,2017
"2017/18",5,"35 and over","Small",119,2914,2017
"2017/18",5,"35 and over","Unknown",21,2914,2017
"2017/18",5,"Under 25","Appropriate",388,470,2017
"2017/18",5,"Under 25","Large",58,470,2017
"2017/18",5,"Under 25","Small",22,470,2017
"2017/18",5,"Under 25","Unknown",2,470,2017
"2017/18",NA,"25-34","Appropriate",46,54,2017
"2017/18",NA,"25-34","Large",8,54,2017
"2017/18",NA,"35 and over","Appropriate",28,33,2017
"2017/18",NA,"35 and over","Large",2,33,2017
"2017/18",NA,"35 and over","Small",2,33,2017
"2017/18",NA,"35 and over","Unknown",1,33,2017
"2017/18",NA,"Under 25","Appropriate",12,16,2017
"2017/18",NA,"Under 25","Large",2,16,2017
"2017/18",NA,"Under 25","Small",2,16,2017
"2018/19",1,"25-34","Appropriate",5465,6887,2018
"2018/19",1,"25-34","Large",941,6887,2018
"2018/19",1,"25-34","Small",457,6887,2018
"2018/19",1,"25-34","Unknown",24,6887,2018
"2018/19",1,"35 and over","Appropriate",1431,1843,2018
"2018/19",1,"35 and over","Large",280,1843,2018
"2018/19",1,"35 and over","Small",127,1843,2018
"2018/19",1,"35 and over","Unknown",5,1843,2018
"2018/19",1,"Under 25","Appropriate",2856,3367,2018
"2018/19",1,"Under 25","Large",296,3367,2018
"2018/19",1,"Under 25","Small",202,3367,2018
"2018/19",1,"Under 25","Unknown",13,3367,2018
"2018/19",2,"25-34","Appropriate",5040,6216,2018
"2018/19",2,"25-34","Large",856,6216,2018
"2018/19",2,"25-34","Small",289,6216,2018
"2018/19",2,"25-34","Unknown",31,6216,2018
"2018/19",2,"35 and over","Appropriate",1443,1877,2018
"2018/19",2,"35 and over","Large",308,1877,2018
"2018/19",2,"35 and over","Small",121,1877,2018
"2018/19",2,"35 and over","Unknown",5,1877,2018
"2018/19",2,"Under 25","Appropriate",1982,2369,2018
"2018/19",2,"Under 25","Large",232,2369,2018
"2018/19",2,"Under 25","Small",142,2369,2018
"2018/19",2,"Under 25","Unknown",13,2369,2018
"2018/19",3,"25-34","Appropriate",4405,5450,2018
"2018/19",3,"25-34","Large",806,5450,2018
"2018/19",3,"25-34","Small",223,5450,2018
"2018/19",3,"25-34","Unknown",16,5450,2018
"2018/19",3,"35 and over","Appropriate",1581,1970,2018
"2018/19",3,"35 and over","Large",297,1970,2018
"2018/19",3,"35 and over","Small",85,1970,2018
"2018/19",3,"35 and over","Unknown",7,1970,2018
"2018/19",3,"Under 25","Appropriate",1188,1392,2018
"2018/19",3,"Under 25","Large",125,1392,2018
"2018/19",3,"Under 25","Small",70,1392,2018
"2018/19",3,"Under 25","Unknown",9,1392,2018
"2018/19",4,"25-34","Appropriate",4862,6041,2018
"2018/19",4,"25-34","Large",935,6041,2018
"2018/19",4,"25-34","Small",236,6041,2018
"2018/19",4,"25-34","Unknown",8,6041,2018
"2018/19",4,"35 and over","Appropriate",2036,2623,2018
"2018/19",4,"35 and over","Large",464,2623,2018
"2018/19",4,"35 and over","Small",113,2623,2018
"2018/19",4,"35 and over","Unknown",10,2623,2018
"2018/19",4,"Under 25","Appropriate",727,904,2018
"2018/19",4,"Under 25","Large",124,904,2018
"2018/19",4,"Under 25","Small",49,904,2018
"2018/19",4,"Under 25","Unknown",4,904,2018
"2018/19",5,"25-34","Appropriate",4086,5022,2018
"2018/19",5,"25-34","Large",750,5022,2018
"2018/19",5,"25-34","Small",174,5022,2018
"2018/19",5,"25-34","Unknown",12,5022,2018
"2018/19",5,"35 and over","Appropriate",2341,2904,2018
"2018/19",5,"35 and over","Large",466,2904,2018
"2018/19",5,"35 and over","Small",87,2904,2018
"2018/19",5,"35 and over","Unknown",10,2904,2018
"2018/19",5,"Under 25","Appropriate",433,502,2018
"2018/19",5,"Under 25","Large",45,502,2018
"2018/19",5,"Under 25","Small",24,502,2018
"2018/19",NA,"25-34","Appropriate",56,66,2018
"2018/19",NA,"25-34","Large",2,66,2018
"2018/19",NA,"25-34","Small",7,66,2018
"2018/19",NA,"25-34","Unknown",1,66,2018
"2018/19",NA,"35 and over","Appropriate",14,15,2018
"2018/19",NA,"35 and over","Large",1,15,2018
"2018/19",NA,"Under 25","Appropriate",15,18,2018
"2018/19",NA,"Under 25","Large",2,18,2018
"2018/19",NA,"Under 25","Small",1,18,2018
"2019/20",1,"25-34","Appropriate",5269,6501,2019
"2019/20",1,"25-34","Large",819,6501,2019
"2019/20",1,"25-34","Small",401,6501,2019
"2019/20",1,"25-34","Unknown",12,6501,2019
"2019/20",1,"35 and over","Appropriate",1436,1833,2019
"2019/20",1,"35 and over","Large",264,1833,2019
"2019/20",1,"35 and over","Small",119,1833,2019
"2019/20",1,"35 and over","Unknown",14,1833,2019
"2019/20",1,"Under 25","Appropriate",2721,3254,2019
"2019/20",1,"Under 25","Large",294,3254,2019
"2019/20",1,"Under 25","Small",225,3254,2019
"2019/20",1,"Under 25","Unknown",14,3254,2019
"2019/20",2,"25-34","Appropriate",5033,6165,2019
"2019/20",2,"25-34","Large",776,6165,2019
"2019/20",2,"25-34","Small",344,6165,2019
"2019/20",2,"25-34","Unknown",12,6165,2019
"2019/20",2,"35 and over","Appropriate",1582,1961,2019
"2019/20",2,"35 and over","Large",293,1961,2019
"2019/20",2,"35 and over","Small",78,1961,2019
"2019/20",2,"35 and over","Unknown",8,1961,2019
"2019/20",2,"Under 25","Appropriate",1747,2128,2019
"2019/20",2,"Under 25","Large",241,2128,2019
"2019/20",2,"Under 25","Small",132,2128,2019
"2019/20",2,"Under 25","Unknown",8,2128,2019
"2019/20",3,"25-34","Appropriate",4247,5321,2019
"2019/20",3,"25-34","Large",813,5321,2019
"2019/20",3,"25-34","Small",253,5321,2019
"2019/20",3,"25-34","Unknown",8,5321,2019
"2019/20",3,"35 and over","Appropriate",1525,1921,2019
"2019/20",3,"35 and over","Large",315,1921,2019
"2019/20",3,"35 and over","Small",77,1921,2019
"2019/20",3,"35 and over","Unknown",4,1921,2019
"2019/20",3,"Under 25","Appropriate",1070,1281,2019
"2019/20",3,"Under 25","Large",146,1281,2019
"2019/20",3,"Under 25","Small",62,1281,2019
"2019/20",3,"Under 25","Unknown",3,1281,2019
"2019/20",4,"25-34","Appropriate",4502,5651,2019
"2019/20",4,"25-34","Large",914,5651,2019
"2019/20",4,"25-34","Small",230,5651,2019
"2019/20",4,"25-34","Unknown",5,5651,2019
"2019/20",4,"35 and over","Appropriate",1905,2456,2019
"2019/20",4,"35 and over","Large",425,2456,2019
"2019/20",4,"35 and over","Small",118,2456,2019
"2019/20",4,"35 and over","Unknown",8,2456,2019
"2019/20",4,"Under 25","Appropriate",727,878,2019
"2019/20",4,"Under 25","Large",100,878,2019
"2019/20",4,"Under 25","Small",50,878,2019
"2019/20",4,"Under 25","Unknown",1,878,2019
"2019/20",5,"25-34","Appropriate",3782,4644,2019
"2019/20",5,"25-34","Large",686,4644,2019
"2019/20",5,"25-34","Small",168,4644,2019
"2019/20",5,"25-34","Unknown",8,4644,2019
"2019/20",5,"35 and over","Appropriate",2149,2722,2019
"2019/20",5,"35 and over","Large",471,2722,2019
"2019/20",5,"35 and over","Small",94,2722,2019
"2019/20",5,"35 and over","Unknown",8,2722,2019
"2019/20",5,"Under 25","Appropriate",319,385,2019
"2019/20",5,"Under 25","Large",48,385,2019
"2019/20",5,"Under 25","Small",18,385,2019
"2019/20",NA,"25-34","Appropriate",55,63,2019
"2019/20",NA,"25-34","Large",3,63,2019
"2019/20",NA,"25-34","Small",4,63,2019
"2019/20",NA,"25-34","Unknown",1,63,2019
"2019/20",NA,"35 and over","Appropriate",20,25,2019
"2019/20",NA,"35 and over","Large",2,25,2019
"2019/20",NA,"35 and over","Small",3,25,2019
"2019/20",NA,"Under 25","Appropriate",19,22,2019
"2019/20",NA,"Under 25","Large",2,22,2019
"2019/20",NA,"Under 25","Small",1,22,2019
"2020/21",1,"25-34","Appropriate",4987,6241,2020
"2020/21",1,"25-34","Large",877,6241,2020
"2020/21",1,"25-34","Small",366,6241,2020
"2020/21",1,"25-34","Unknown",11,6241,2020
"2020/21",1,"35 and over","Appropriate",1395,1749,2020
"2020/21",1,"35 and over","Large",242,1749,2020
"2020/21",1,"35 and over","Small",106,1749,2020
"2020/21",1,"35 and over","Unknown",6,1749,2020
"2020/21",1,"Under 25","Appropriate",2329,2853,2020
"2020/21",1,"Under 25","Large",317,2853,2020
"2020/21",1,"Under 25","Small",203,2853,2020
"2020/21",1,"Under 25","Unknown",4,2853,2020
"2020/21",2,"25-34","Appropriate",4384,5540,2020
"2020/21",2,"25-34","Large",875,5540,2020
"2020/21",2,"25-34","Small",270,5540,2020
"2020/21",2,"25-34","Unknown",11,5540,2020
"2020/21",2,"35 and over","Appropriate",1377,1756,2020
"2020/21",2,"35 and over","Large",286,1756,2020
"2020/21",2,"35 and over","Small",90,1756,2020
"2020/21",2,"35 and over","Unknown",3,1756,2020
"2020/21",2,"Under 25","Appropriate",1534,1887,2020
"2020/21",2,"Under 25","Large",229,1887,2020
"2020/21",2,"Under 25","Small",119,1887,2020
"2020/21",2,"Under 25","Unknown",5,1887,2020
"2020/21",2,"Unknown","Appropriate",1,1,2020
"2020/21",3,"25-34","Appropriate",4049,5077,2020
"2020/21",3,"25-34","Large",775,5077,2020
"2020/21",3,"25-34","Small",243,5077,2020
"2020/21",3,"25-34","Unknown",10,5077,2020
"2020/21",3,"35 and over","Appropriate",1458,1887,2020
"2020/21",3,"35 and over","Large",356,1887,2020
"2020/21",3,"35 and over","Small",66,1887,2020
"2020/21",3,"35 and over","Unknown",7,1887,2020
"2020/21",3,"Under 25","Appropriate",887,1102,2020
"2020/21",3,"Under 25","Large",137,1102,2020
"2020/21",3,"Under 25","Small",74,1102,2020
"2020/21",3,"Under 25","Unknown",4,1102,2020
"2020/21",4,"25-34","Appropriate",4619,5731,2020
"2020/21",4,"25-34","Large",881,5731,2020
"2020/21",4,"25-34","Small",225,5731,2020
"2020/21",4,"25-34","Unknown",6,5731,2020
"2020/21",4,"35 and over","Appropriate",1949,2453,2020
"2020/21",4,"35 and over","Large",410,2453,2020
"2020/21",4,"35 and over","Small",86,2453,2020
"2020/21",4,"35 and over","Unknown",8,2453,2020
"2020/21",4,"Under 25","Appropriate",580,721,2020
"2020/21",4,"Under 25","Large",98,721,2020
"2020/21",4,"Under 25","Small",42,721,2020
"2020/21",4,"Under 25","Unknown",1,721,2020
"2020/21",5,"25-34","Appropriate",3656,4572,2020
"2020/21",5,"25-34","Large",724,4572,2020
"2020/21",5,"25-34","Small",187,4572,2020
"2020/21",5,"25-34","Unknown",5,4572,2020
"2020/21",5,"35 and over","Appropriate",1958,2471,2020
"2020/21",5,"35 and over","Large",441,2471,2020
"2020/21",5,"35 and over","Small",68,2471,2020
"2020/21",5,"35 and over","Unknown",4,2471,2020
"2020/21",5,"Under 25","Appropriate",300,366,2020
"2020/21",5,"Under 25","Large",51,366,2020
"2020/21",5,"Under 25","Small",14,366,2020
"2020/21",5,"Under 25","Unknown",1,366,2020
"2020/21",5,"Unknown","Large",1,1,2020
"2020/21",NA,"25-34","Appropriate",50,62,2020
"2020/21",NA,"25-34","Large",10,62,2020
"2020/21",NA,"25-34","Small",2,62,2020
"2020/21",NA,"35 and over","Appropriate",8,14,2020
"2020/21",NA,"35 and over","Large",4,14,2020
"2020/21",NA,"35 and over","Small",1,14,2020
"2020/21",NA,"35 and over","Unknown",1,14,2020
"2020/21",NA,"Under 25","Appropriate",18,25,2020
"2020/21",NA,"Under 25","Large",6,25,2020
"2020/21",NA,"Under 25","Small",1,25,2020
"2021/22",1,"25-34","Appropriate",5036,6314,2021
"2021/22",1,"25-34","Large",882,6314,2021
"2021/22",1,"25-34","Small",388,6314,2021
"2021/22",1,"25-34","Unknown",8,6314,2021
"2021/22",1,"35 and over","Appropriate",1456,1831,2021
"2021/22",1,"35 and over","Large",260,1831,2021
"2021/22",1,"35 and over","Small",109,1831,2021
"2021/22",1,"35 and over","Unknown",6,1831,2021
"2021/22",1,"Under 25","Appropriate",2246,2701,2021
"2021/22",1,"Under 25","Large",281,2701,2021
"2021/22",1,"Under 25","Small",170,2701,2021
"2021/22",1,"Under 25","Unknown",4,2701,2021
"2021/22",2,"25-34","Appropriate",4806,5969,2021
"2021/22",2,"25-34","Large",870,5969,2021
"2021/22",2,"25-34","Small",282,5969,2021
"2021/22",2,"25-34","Unknown",11,5969,2021
"2021/22",2,"35 and over","Appropriate",1476,1894,2021
"2021/22",2,"35 and over","Large",300,1894,2021
"2021/22",2,"35 and over","Small",106,1894,2021
"2021/22",2,"35 and over","Unknown",12,1894,2021
"2021/22",2,"Under 25","Appropriate",1455,1826,2021
"2021/22",2,"Under 25","Large",245,1826,2021
"2021/22",2,"Under 25","Small",126,1826,2021
"2021/22",3,"25-34","Appropriate",4222,5274,2021
"2021/22",3,"25-34","Large",826,5274,2021
"2021/22",3,"25-34","Small",209,5274,2021
"2021/22",3,"25-34","Unknown",17,5274,2021
"2021/22",3,"35 and over","Appropriate",1608,2050,2021
"2021/22",3,"35 and over","Large",364,2050,2021
"2021/22",3,"35 and over","Small",69,2050,2021
"2021/22",3,"35 and over","Unknown",9,2050,2021
"2021/22",3,"Under 25","Appropriate",845,1052,2021
"2021/22",3,"Under 25","Large",152,1052,2021
"2021/22",3,"Under 25","Small",53,1052,2021
"2021/22",3,"Under 25","Unknown",2,1052,2021
"2021/22",4,"25-34","Appropriate",4773,6026,2021
"2021/22",4,"25-34","Large",996,6026,2021
"2021/22",4,"25-34","Small",250,6026,2021
"2021/22",4,"25-34","Unknown",7,6026,2021
"2021/22",4,"35 and over","Appropriate",2064,2670,2021
"2021/22",4,"35 and over","Large",495,2670,2021
"2021/22",4,"35 and over","Small",104,2670,2021
"2021/22",4,"35 and over","Unknown",7,2670,2021
"2021/22",4,"Under 25","Appropriate",568,714,2021
"2021/22",4,"Under 25","Large",96,714,2021
"2021/22",4,"Under 25","Small",46,714,2021
"2021/22",4,"Under 25","Unknown",4,714,2021
"2021/22",5,"25-34","Appropriate",3866,4861,2021
"2021/22",5,"25-34","Large",792,4861,2021
"2021/22",5,"25-34","Small",197,4861,2021
"2021/22",5,"25-34","Unknown",6,4861,2021
"2021/22",5,"35 and over","Appropriate",2330,2924,2021
"2021/22",5,"35 and over","Large",511,2924,2021
"2021/22",5,"35 and over","Small",79,2924,2021
"2021/22",5,"35 and over","Unknown",4,2924,2021
"2021/22",5,"Under 25","Appropriate",247,316,2021
"2021/22",5,"Under 25","Large",46,316,2021
"2021/22",5,"Under 25","Small",23,316,2021
"2021/22",NA,"25-34","Appropriate",33,40,2021
"2021/22",NA,"25-34","Large",6,40,2021
"2021/22",NA,"25-34","Small",1,40,2021
"2021/22",NA,"35 and over","Appropriate",6,15,2021
"2021/22",NA,"35 and over","Large",8,15,2021
"2021/22",NA,"35 and over","Small",1,15,2021
"2021/22",NA,"Under 25","Appropriate",19,22,2021
"2021/22",NA,"Under 25","Large",3,22,2021
"2022/23",1,"25-34","Appropriate",5103,6241,2022
"2022/23",1,"25-34","Large",756,6241,2022
"2022/23",1,"25-34","Small",365,6241,2022
"2022/23",1,"25-34","Unknown",17,6241,2022
"2022/23",1,"35 and over","Appropriate",1496,1925,2022
"2022/23",1,"35 and over","Large",296,1925,2022
"2022/23",1,"35 and over","Small",132,1925,2022
"2022/23",1,"35 and over","Unknown",1,1925,2022
"2022/23",1,"Under 25","Appropriate",2165,2590,2022
"2022/23",1,"Under 25","Large",226,2590,2022
"2022/23",1,"Under 25","Small",192,2590,2022
"2022/23",1,"Under 25","Unknown",7,2590,2022
"2022/23",2,"25-34","Appropriate",4514,5577,2022
"2022/23",2,"25-34","Large",801,5577,2022
"2022/23",2,"25-34","Small",258,5577,2022
"2022/23",2,"25-34","Unknown",4,5577,2022
"2022/23",2,"35 and over","Appropriate",1361,1735,2022
"2022/23",2,"35 and over","Large",264,1735,2022
"2022/23",2,"35 and over","Small",104,1735,2022
"2022/23",2,"35 and over","Unknown",6,1735,2022
"2022/23",2,"Under 25","Appropriate",1312,1601,2022
"2022/23",2,"Under 25","Large",172,1601,2022
"2022/23",2,"Under 25","Small",111,1601,2022
"2022/23",2,"Under 25","Unknown",6,1601,2022
"2022/23",3,"25-34","Appropriate",4144,5100,2022
"2022/23",3,"25-34","Large",707,5100,2022
"2022/23",3,"25-34","Small",241,5100,2022
"2022/23",3,"25-34","Unknown",8,5100,2022
"2022/23",3,"35 and over","Appropriate",1682,2069,2022
"2022/23",3,"35 and over","Large",314,2069,2022
"2022/23",3,"35 and over","Small",70,2069,2022
"2022/23",3,"35 and over","Unknown",3,2069,2022
"2022/23",3,"Under 25","Appropriate",862,1011,2022
"2022/23",3,"Under 25","Large",99,1011,2022
"2022/23",3,"Under 25","Small",49,1011,2022
"2022/23",3,"Under 25","Unknown",1,1011,2022
"2022/23",4,"25-34","Appropriate",4574,5628,2022
"2022/23",4,"25-34","Large",835,5628,2022
"2022/23",4,"25-34","Small",213,5628,2022
"2022/23",4,"25-34","Unknown",6,5628,2022
"2022/23",4,"35 and over","Appropriate",1962,2512,2022
"2022/23",4,"35 and over","Large",429,2512,2022
"2022/23",4,"35 and over","Small",114,2512,2022
"2022/23",4,"35 and over","Unknown",7,2512,2022
"2022/23",4,"Under 25","Appropriate",578,709,2022
"2022/23",4,"Under 25","Large",74,709,2022
"2022/23",4,"Under 25","Small",57,709,2022
"2022/23",5,"25-34","Appropriate",3467,4252,2022
"2022/23",5,"25-34","Large",625,4252,2022
"2022/23",5,"25-34","Small",147,4252,2022
"2022/23",5,"25-34","Unknown",13,4252,2022
"2022/23",5,"35 and over","Appropriate",2003,2502,2022
"2022/23",5,"35 and over","Large",421,2502,2022
"2022/23",5,"35 and over","Small",76,2502,2022
"2022/23",5,"35 and over","Unknown",2,2502,2022
"2022/23",5,"Under 25","Appropriate",260,328,2022
"2022/23",5,"Under 25","Large",50,328,2022
"2022/23",5,"Under 25","Small",17,328,2022
"2022/23",5,"Under 25","Unknown",1,328,2022
"2022/23",NA,"25-34","Appropriate",58,73,2022
"2022/23",NA,"25-34","Large",12,73,2022
"2022/23",NA,"25-34","Small",3,73,2022
"2022/23",NA,"35 and over","Appropriate",12,12,2022
"2022/23",NA,"Under 25","Appropriate",15,16,2022
"2022/23",NA,"Under 25","Large",1,16,2022
"2023/24",1,"25-34","Appropriate",5060,6205,2023
"2023/24",1,"25-34","Large",753,6205,2023
"2023/24",1,"25-34","Small",379,6205,2023
"2023/24",1,"25-34","Unknown",13,6205,2023
"2023/24",1,"35 and over","Appropriate",1524,1933,2023
"2023/24",1,"35 and over","Large",274,1933,2023
"2023/24",1,"35 and over","Small",134,1933,2023
"2023/24",1,"35 and over","Unknown",1,1933,2023
"2023/24",1,"Under 25","Appropriate",2151,2559,2023
"2023/24",1,"Under 25","Large",247,2559,2023
"2023/24",1,"Under 25","Small",154,2559,2023
"2023/24",1,"Under 25","Unknown",7,2559,2023
"2023/24",2,"25-34","Appropriate",4412,5450,2023
"2023/24",2,"25-34","Large",753,5450,2023
"2023/24",2,"25-34","Small",273,5450,2023
"2023/24",2,"25-34","Unknown",12,5450,2023
"2023/24",2,"35 and over","Appropriate",1483,1850,2023
"2023/24",2,"35 and over","Large",286,1850,2023
"2023/24",2,"35 and over","Small",79,1850,2023
"2023/24",2,"35 and over","Unknown",2,1850,2023
"2023/24",2,"Under 25","Appropriate",1303,1598,2023
"2023/24",2,"Under 25","Large",189,1598,2023
"2023/24",2,"Under 25","Small",104,1598,2023
"2023/24",2,"Under 25","Unknown",2,1598,2023
"2023/24",3,"25-34","Appropriate",4022,5010,2023
"2023/24",3,"25-34","Large",761,5010,2023
"2023/24",3,"25-34","Small",223,5010,2023
"2023/24",3,"25-34","Unknown",4,5010,2023
"2023/24",3,"35 and over","Appropriate",1585,1956,2023
"2023/24",3,"35 and over","Large",296,1956,2023
"2023/24",3,"35 and over","Small",74,1956,2023
"2023/24",3,"35 and over","Unknown",1,1956,2023
"2023/24",3,"Under 25","Appropriate",733,887,2023
"2023/24",3,"Under 25","Large",109,887,2023
"2023/24",3,"Under 25","Small",44,887,2023
"2023/24",3,"Under 25","Unknown",1,887,2023
"2023/24",4,"25-34","Appropriate",4729,5840,2023
"2023/24",4,"25-34","Large",888,5840,2023
"2023/24",4,"25-34","Small",216,5840,2023
"2023/24",4,"25-34","Unknown",7,5840,2023
"2023/24",4,"35 and over","Appropriate",1989,2517,2023
"2023/24",4,"35 and over","Large",431,2517,2023
"2023/24",4,"35 and over","Small",96,2517,2023
"2023/24",4,"35 and over","Unknown",1,2517,2023
"2023/24",4,"Under 25","Appropriate",581,677,2023
"2023/24",4,"Under 25","Large",68,677,2023
"2023/24",4,"Under 25","Small",27,677,2023
"2023/24",4,"Under 25","Unknown",1,677,2023
"2023/24",5,"25-34","Appropriate",3729,4561,2023
"2023/24",5,"25-34","Large",653,4561,2023
"2023/24",5,"25-34","Small",176,4561,2023
"2023/24",5,"25-34","Unknown",3,4561,2023
"2023/24",5,"35 and over","Appropriate",2057,2593,2023
"2023/24",5,"35 and over","Large",471,2593,2023
"2023/24",5,"35 and over","Small",61,2593,2023
"2023/24",5,"35 and over","Unknown",4,2593,2023
"2023/24",5,"Under 25","Appropriate",253,314,2023
"2023/24",5,"Under 25","Large",44,314,2023
"2023/24",5,"Under 25","Small",17,314,2023
"2023/24",NA,"25-34","Appropriate",37,50,2023
"2023/24",NA,"25-34","Large",8,50,2023
"2023/24",NA,"25-34","Small",5,50,2023
"2023/24",NA,"35 and over","Appropriate",18,20,2023
"2023/24",NA,"35 and over","Large",2,20,2023
"2023/24",NA,"Under 25","Appropriate",10,12,2023
"2023/24",NA,"Under 25","Small",2,12,2023
